date,close,volume,open,high,low
12/22/2015,51.32,6833635,53.4,53.8,51.23
12/21/2015,55.09,4947890,57.4,58.5,55
12/18/2015,56.91,7774852,53.925,58.8,52.34
12/17/2015,57.26,9921089,56.94,58.87,55.35
12/16/2015,53.69,17777120,46.35,55.29,46.05
12/15/2015,40.05,6978004,41.13,44.5,39.1
12/14/2015,41.59,5392454,37.1,42,37.05
12/11/2015,37.04,3222978,36.21,37.8,36
12/10/2015,36.65,2094526,35.4,37.2,35.2
12/9/2015,35.84,2587853,34.62,37.2,34.32
12/8/2015,34.62,4559680,34.63,35.395,31.3
12/7/2015,35.9,3013884,35.85,37.45,35.6
12/4/2015,35.99,2813075,36,37,34.86
12/3/2015,36.24,7997049,34.69,37.95,34.69
12/2/2015,34.35,7419341,31.13,34.6,30.71
12/1/2015,31.39,4322406,28.69,31.45,28.62
11/30/2015,28.76,2301129,29.98,30.01,28.35
11/27/2015,29.87,2345953,29.26,31.5691,29.24
11/25/2015,29.26,1562509,28.01,29.464,28.01
11/24/2015,28.57,2711811,28.22,28.85,27.68
11/23/2015,28.21,4468833,29,29.35,27.92
11/20/2015,29.04,3895155,28.86,29.68,28.52
11/19/2015,28.7,4927138,27.47,28.85,27.08
11/18/2015,27.75,6372124,26.87,27.79,26.01
11/17/2015,26,5334370,27.87,28.09,25.58
11/16/2015,27.84,5284382,26.27,27.95,25.33
11/13/2015,25.85,3784774,24.69,26.3,24.64
11/12/2015,25.07,3393194,26.07,26.33,24.91
11/11/2015,26.15,6639466,26.45,26.5,24.0699
11/10/2015,26.46,5320060,27.83,27.89,25.44
11/9/2015,27.89,3048975,29.13,29.4,27.8
11/6/2015,29.05,3768847,29.48,29.84,28.88
11/5/2015,29.72,2600185,30,30.11,29.04
11/4/2015,29.8,5026062,30.85,31.85,29.7
11/3/2015,30.17,8091005,29.49,31.885,29
11/2/2015,29.44,11222890,29.96,29.98,28.12
10/30/2015,29.65,26317550,30.98,31.55,28.11
10/29/2015,38.07,5355434,38.68,39.17,37.56
10/28/2015,38.34,2507518,37.54,38.51,37.4
10/27/2015,37.96,2989367,38.45,38.87,36.43
10/26/2015,38.84,1813418,39.27,39.55,38.5
10/23/2015,39.24,2361893,39.6,40.03,38.73
10/22/2015,38.9,2626642,38.18,39.47,37.7549
10/21/2015,38.05,2834815,39.76,40.28,38.01
10/20/2015,39.39,3450909,41.05,41.5799,39.05
10/19/2015,41.28,4902622,41.69,43.39,40.11
10/16/2015,44.16,2698765,46.38,46.8,43.9
10/15/2015,46.65,1376579,46.91,47.7,46.06
10/14/2015,46.85,1159225,46.93,47.83,46.61
10/13/2015,47.03,1873384,47.65,48.59,46.855
10/12/2015,48.05,1329423,48.95,49,47.07
10/9/2015,48.94,1523115,47,49.38,46.84
10/8/2015,47.11,1720559,47.35,47.5,45.91
10/7/2015,47.34,1887059,46.9,48.33,46.22
10/6/2015,47.28,1549131,47.09,48.25,46.55
10/5/2015,47.22,5789539,46.56,47.89,46.4
10/2/2015,46.38,1946748,42.5,46.49,42.2
10/1/2015,43.23,1662331,42.62,43.9,41.22
9/30/2015,42.71,1355730,41.74,42.87,41.2214
9/29/2015,41.04,1429887,40.53,42.3,40.17
9/28/2015,40.34,2071013,40.99,41.25,39.6
9/25/2015,41.33,3134773,43.85,44,41
9/24/2015,42.99,3430290,43.92,44.16,40.9
9/23/2015,43.78,2590140,47.41,47.89,43.69
9/22/2015,47.44,1042290,47.37,47.89,46.62
9/21/2015,47.9,1285173,48.24,48.88,47.32
9/18/2015,48.09,1722370,48.02,48.92,47.81
9/17/2015,48.5,1277967,48.02,49.65,47.52
9/16/2015,48.2,1595913,48.83,49.98,48.06
9/15/2015,48.97,1274031,48.09,49.39,47.81
9/14/2015,48.07,1207750,47.99,48.665,47.02
9/11/2015,48.14,822136,47.55,48.9499,47.45
9/10/2015,48.12,1070884,46.93,48.33,46.49
9/9/2015,47.11,2391387,50.09,50.395,47
9/8/2015,50.1,1070578,50.26,50.48,49.49
9/4/2015,49.09,1689293,48.87,51,48.1
9/3/2015,49.79,3116011,49.74,51.1,49.29
9/2/2015,49.42,1539835,47.28,49.46,46.205
9/1/2015,46.16,2966884,47.07,47.5999,46
8/31/2015,48.28,1992129,47.16,49.35,46.4401
8/28/2015,48,3560309,46.55,49.68,46.55
8/27/2015,46.23,5993109,44.79,47.89,44.62
8/26/2015,43.05,6213390,45.55,45.7199,40.06
8/25/2015,43.63,4649401,47.82,47.82,43.37
8/24/2015,43.87,10595900,37.11,48.53,34.65
8/21/2015,40.99,13140370,46.1,46.3,40.75
8/20/2015,46.98,2237844,48.6,49.0714,46.58
8/19/2015,49.18,1804972,50,50.6199,48.4
8/18/2015,50.62,1680907,49.55,50.75,49.28
8/17/2015,49.94,2586449,48.7,49.95,47.26
8/14/2015,48.81,2057424,50.01,50.66,47.79
8/13/2015,50.06,2038212,50.25,51.319,49.44
8/12/2015,50.86,5698196,48.5,51.25,46.15
8/11/2015,48.79,3349644,50.58,50.8,48.75
8/10/2015,51.17,3572335,53.02,53.09,50.76
8/7/2015,52.25,6550630,55.22,55.276,50.25
8/6/2015,55.34,4942821,60,60.6,54.51
8/5/2015,60.17,3706906,59.5,61.72,59
8/4/2015,59,2476468,57.78,59.35,57.2
8/3/2015,57.92,2177671,58.17,58.25,56.64
7/31/2015,58,2505462,59.4,59.73,57.5904
7/30/2015,59.58,4137584,59.32,59.9,55.68
7/29/2015,58.05,3385231,56.07,58.22,55.79
7/28/2015,56.03,2087293,54.37,56.06,53.58
7/27/2015,54.69,1390542,53.95,54.88,53.25
7/24/2015,54.62,2259958,55.2,55.75,53.88
7/23/2015,53.67,1888112,55.49,56.1,53.35
7/22/2015,55.36,1545658,55.9,56.44,55.31
7/21/2015,56.2,1832159,56,56.59,55.12
7/20/2015,55.77,4766727,55.01,56.96,53.76
7/17/2015,52.15,1553540,52.8,53.16,51.62
7/16/2015,52.8,1269253,52.81,53.33,52.5172
7/15/2015,52.54,1585969,54.17,54.3239,52.31
7/14/2015,54.26,1753036,53.41,55,53.1
7/13/2015,53.39,1622020,53.31,53.925,52.79
7/10/2015,53,1207207,52.8,53.186,51.98
7/9/2015,51.98,1441840,52.53,53.08,51.7
7/8/2015,51.48,1842979,52.35,52.9,50.92
7/7/2015,53.21,2978390,51.74,53.37,50.84
7/6/2015,51.75,1608260,51.5,52.19,51.11
7/2/2015,52.27,1730489,52.47,52.672,51.05
7/1/2015,52.4,2668223,53.77,54.21,52.07
6/30/2015,53.55,2191037,53.52,54.1999,52.29
6/29/2015,53.27,3162267,54.7,55.42,52.48
6/26/2015,55.86,2760369,56.71,56.71,55.4
6/25/2015,56.36,1454933,57.2,57.3399,56.16
6/24/2015,57.01,1340603,58.05,58.1,56.9
6/23/2015,58.1,2114750,57.65,58.4,57.2074
6/22/2015,57.7,1263977,57.86,58.16,57.05
6/19/2015,57.51,1388548,58.04,58.04,57.08
6/18/2015,57.78,1324521,57.6,57.95,57.05
6/17/2015,57.4,1990225,57.4,57.96,56.84
6/16/2015,56.78,2421353,55.5,57,55.24
6/15/2015,55.2,1752135,54.84,55.5,54.14
6/12/2015,55.175,1645238,55.21,56.21,55.13
6/11/2015,55.46,1560010,55.26,55.7899,54.8
6/10/2015,55,1842198,55.16,55.66,54.5
6/9/2015,54.9,2756257,56.56,56.97,54.57
6/8/2015,56.57,2924788,58.26,58.5,55.64
6/5/2015,58.25,1687872,58.31,58.7199,57.55
6/4/2015,58.53,2072219,60,60.5,58.17
6/3/2015,60.33,1586320,60.61,61.5,60.05
6/2/2015,60.61,1749757,60.36,61.57,59.59
6/1/2015,60.68,1899824,60.55,61.34,59.25
5/29/2015,60.12,1992156,61.98,62.16,60.03
5/28/2015,61.89,1789495,61.3,62.68,60.75
5/27/2015,61.44,1586818,61.4,61.66,60.46
5/26/2015,61.33,1541629,62.5,62.59,61.29
5/22/2015,62.59,2148253,61.88,63.12,61.8025
5/21/2015,62.11,2680809,61.17,62.85,61.17
5/20/2015,61.26,1295036,61.16,61.4734,60.4
5/19/2015,61.33,1690575,62.03,62.3947,60.9
5/18/2015,62.07,5656088,62.5,62.85,61.35
5/15/2015,62.51,1954485,62.62,63.79,62.24
5/14/2015,62.72,2245043,62.3,62.78,61.1
5/13/2015,61.68,1965386,62.2,62.35,61.02
5/12/2015,61.51,2051952,60.68,62.22,60.68
5/11/2015,61.17,2410820,62.2,62.84,61.09
5/8/2015,61.21,2998911,61.58,61.95,59.92
5/7/2015,60.9,2432697,59.51,60.95,59.19
5/6/2015,60.13,4615222,58.48,61.65,58.1
5/5/2015,59.28,4058093,60.97,62.14,58.69
5/4/2015,61.04,4107245,60.45,61.45,59.32
5/1/2015,61.62,3145826,60.8,61.76,60.08
4/30/2015,60.05,2324266,61,61.33,59.495
4/29/2015,61.17,2380534,61.15,61.48,59.59
4/28/2015,61.225,2853476,60.11,61.9,59.76
4/27/2015,59.9,2790641,60.1,61.97,59.71
4/24/2015,60,1418599,60.39,60.4,59.5
4/23/2015,60.02,2817492,59.49,60.49,59.36
4/22/2015,59.09,4912647,57.88,60.5,57.8
4/21/2015,57.69,2070008,56.69,57.71,56.24
4/20/2015,56.53,1456615,56.34,56.73,55.38
4/17/2015,55.91,1973974,56.5,56.9,55.223
4/16/2015,57.01,1927880,56.34,57.5,56.25
4/15/2015,56.55,2393274,55.73,56.8,54.82
4/14/2015,55.1,3283033,54.55,55.38,53.37
4/13/2015,54.74,3608927,56.09,56.5299,54.47
4/10/2015,56.09,3427585,56.3,56.79,55.31
4/9/2015,56.05,5008475,54.97,56.15,54.53
4/8/2015,54.33,3817254,53.05,54.8,52.91
4/7/2015,52.77,2951668,52.8,54.2,52.59
4/6/2015,52.8,2750813,51.99,53.34,51.75
4/2/2015,52.31,3754345,50.23,52.77,50.2
4/1/2015,50.48,1694386,50.91,51.29,50
3/31/2015,51.28,3643729,50.09,52.54,49.86
3/30/2015,50.57,3744534,50.12,51.83,49.19
3/27/2015,50.17,1024398,50.15,50.73,49.72
3/26/2015,50.08,1432909,50.03,50.22,49.03
3/25/2015,50.53,1559568,51.33,51.86,49.85
3/24/2015,51.5,2910582,49.57,51.65,49.56
3/23/2015,49.78,1267869,49.71,50.605,49.201
3/20/2015,49.89,1341137,50,50.25,49.5645
3/19/2015,49.76,1019316,50,50.44,49.67
3/18/2015,50.21,1956230,48.55,50.28,48.44
3/17/2015,48.815,1641428,47.36,49.29,47.31
3/16/2015,47.53,3020621,48.5,48.7047,46.69
3/13/2015,48.39,2508379,49.43,49.75,48.14
3/12/2015,49.7,1784124,50.1,50.555,49.64
3/11/2015,50,1822522,49.69,50.87,49.55
3/10/2015,49.72,2113293,49.3,50.58,49.2
3/9/2015,49.83,2217101,50.4,51.04,49.15
3/6/2015,50.45,2681408,51.71,52.5899,50.335
3/5/2015,51.77,4698141,50.35,52.16,50.01
3/4/2015,50.05,1651153,50,50.48,49.3
3/3/2015,50.26,1983489,50.49,51.62,50
3/2/2015,50.74,2313254,51.2,51.65,50.23
2/27/2015,51.36,2059141,52.33,52.57,51.18
2/26/2015,52.1,2833228,53.62,54.08,52.05
2/25/2015,52.28,2922266,53.05,53.5,52.15
2/24/2015,53.04,4504241,53.97,56.5,52.93
2/23/2015,53.13,2186839,54.09,54.348,52.68
2/20/2015,54.44,2897357,53.94,54.6,53.05
2/19/2015,53.81,8239685,54.4,54.85,51.76
2/18/2015,57.1,4551131,57.65,59.1,56.5175
2/17/2015,58.12,2774840,58.45,59.31,57.43
2/13/2015,57.6,1897037,57.39,59.09,57.19
2/12/2015,57.16,2251570,56.32,57.45,56.06
2/11/2015,56.12,1300756,55.77,56.55,55.34
2/10/2015,55.84,1597377,56.63,56.79,55.03
2/9/2015,56.52,1382161,55,56.696,55
2/6/2015,55.42,1726173,55.12,56.45,54.84
2/5/2015,55.28,1931592,53.42,55.7,53.42
2/4/2015,53.37,1879904,53.67,55.5,53.2
2/3/2015,54.27,2567093,53.01,54.37,52.35
2/2/2015,52.72,4575348,48.93,53.8,48.75
1/30/2015,48.61,1200936,48.59,49.79,48.47
1/29/2015,49.395,1230323,49.15,49.45,47.6801
1/28/2015,49.08,1441120,50.6,50.88,48.79
1/27/2015,50.1,1058435,49.35,50.6299,49.16
1/26/2015,50.16,2231328,48.27,50.74,48.27
1/23/2015,48.3,1685707,48.22,49.37,48
1/22/2015,48.44,1537700,48.38,48.69,47.5
1/21/2015,48.23,1621832,47.79,49.27,47.6
1/20/2015,47.79,2956550,48.45,48.5,46.45
1/16/2015,48.15,2698112,49.33,49.83,47.89
1/15/2015,49.24,1932746,52,52.25,49.17
1/14/2015,51.72,2053936,50.1,51.74,49.52
1/13/2015,51.11,2925815,49.53,52.28,49.53
1/12/2015,49.32,2600312,49.19,49.38,47.64
1/9/2015,49.62,2148004,50.61,51.4,49.5
1/8/2015,50.91,1800915,50.01,51.19,49.14
1/7/2015,49.325,2018214,50.19,51.17,49
1/6/2015,49.5,3422471,50.38,50.38,47.32
1/5/2015,50.06,3434484,51.98,52.38,49.5
1/2/2015,52.92,1874436,53.61,54.1,51.9
12/31/2014,53.48,1903446,53.9,53.94,53.0301
12/30/2014,53.89,2920547,55.56,55.75,53.4801
12/29/2014,56.26,1364101,57,57.64,56.02
12/26/2014,57.14,1193481,56.44,57.53,56.3601
12/24/2014,56.76,1326464,56,56.97,55.56
12/23/2014,55.84,1885053,54.13,55.98,53.62
12/22/2014,54.38,1759882,54.84,54.9,53.42
12/19/2014,54.8,2540491,53.58,54.88,53.01
12/18/2014,53.75,3575621,51.65,54.4999,51.61
12/17/2014,50.37,4130293,50.15,50.65,47.62
12/16/2014,49.77,3223280,49.31,51.67,49.05
12/15/2014,49.64,2006583,50.97,51.04,49.5
12/12/2014,50.02,2109447,50.45,50.78,49.7
12/11/2014,50.91,1949880,50.65,52.5,50.5
12/10/2014,50.29,2135845,51.4,52.21,49.91
12/9/2014,51.64,3082791,51,51.715,49.01
12/8/2014,51.7,2449813,53.38,54.1,51.05
12/5/2014,53.5,2645096,52.15,54.36,52.15
12/4/2014,52.365,2218208,51.63,53.1,51.25
12/3/2014,51.74,1957029,51.6,52.59,50.9
12/2/2014,51.11,2418295,51.21,51.486,50.5
12/1/2014,50.89,4094078,54.5,54.78,50.71
11/28/2014,55,1860024,55.75,56.18,54.08
11/26/2014,56.46,1562742,56.5,57.35,56.2
11/25/2014,56.85,2565701,56.99,57.5,56.1
11/24/2014,56.35,2007994,56.3,56.85,55.65
11/21/2014,55.05,3199096,56.76,56.94,54.82
11/20/2014,53.63,1903733,53.72,54.69,53.25
11/19/2014,53.99,2314586,55.75,56.65,53.87
11/18/2014,55.64,3022992,53.78,56.405,53.58
11/17/2014,53.59,2278867,52.94,54.43,52.49
11/14/2014,53.02,2525550,50.62,53.4,50.17
11/13/2014,50.84,3490745,51.72,52.39,50.55
11/12/2014,52.05,2572091,50.6,52.09,50.31
11/11/2014,50.96,3302169,51.69,51.75,49.98
11/10/2014,51.78,2344574,51.1,52.19,50.68
11/7/2014,50.97,4469624,51.54,52.19,50.5
11/6/2014,51.54,8132938,55,55.1299,50.74
11/5/2014,54.44,10711630,57.49,57.85,51.45
11/4/2014,56.96,3005107,58.09,58.3399,56.22
11/3/2014,58.77,3121797,59.18,61.09,58.43
10/31/2014,59.18,4393198,57.35,59.69,57.35
10/30/2014,56.33,3815919,53.99,56.38,53.26
10/29/2014,54.36,2938317,55.11,55.26,53.4301
10/28/2014,55.2,3637227,53.3,55.84,52.71
10/27/2014,53.17,3268187,53.53,53.7399,51.86
10/24/2014,54.25,2825908,53.95,54.5,52.51
10/23/2014,54.1,4695948,54.57,55.25,52.15
10/22/2014,53.92,5066939,56.31,57.18,53.7901
10/21/2014,55.73,3506249,54.31,56.38,54.31
10/20/2014,53.92,3821899,52.01,54.31,51.6
10/17/2014,51.51,4877572,52.75,54.23,51
10/16/2014,50.85,5095982,47.21,52.34,47.01
10/15/2014,48.87,7893197,47.5,49.65,45.91
10/14/2014,49.71,6199138,49.75,50.95,46.55
10/13/2014,48.35,7606637,53.66,53.9969,48.21
10/10/2014,53.55,4948462,53.21,56.16,52.25
10/9/2014,54.28,4595541,56.25,57.57,53.52
10/8/2014,56.48,5889347,55.865,57.1,53.55
10/7/2014,54.55,4622419,57.01,57.5,54.07
10/6/2014,57.75,4803866,60.01,60.2,56.41
10/3/2014,59,4014613,58.22,59.95,57.45
10/2/2014,57.31,4808451,57.89,58.1,55.23
10/1/2014,56.47,6535613,59.07,59.07,55.21
9/30/2014,59.6,5317911,61.56,62,58.43
9/29/2014,61.2,3800477,60.9,62.14,60.54
9/26/2014,61.92,4749360,62.12,63.36,61.16
9/25/2014,61.96,8086587,63.08,63.3,60.05
9/24/2014,63.04,8614059,62.53,65.6,61.7
9/23/2014,60.4,4623006,60.04,62.56,59.23
9/22/2014,60.84,6297154,64.02,64.21,59.63
9/19/2014,64.61,4697666,66.11,66.52,62.54
9/18/2014,65.99,3431438,67.53,68.72,65.25
9/17/2014,67,2861546,68.04,68.75,66.65
9/16/2014,67.13,4255940,67.56,68.4399,65.88
9/15/2014,67.36,6422877,73.56,73.96,66.6
9/12/2014,74.01,5474268,71.59,75.9,71
9/11/2014,71.27,1922805,70.89,71.85,70.03
9/10/2014,70.99,2237013,70.89,71.5,69.34
9/9/2014,70.64,2751222,72.04,73.6,70.12
9/8/2014,72,3281843,70.22,72.99,70.11
9/5/2014,70.08,3429093,70.63,71.41,68.5201
9/4/2014,70.95,5572085,68.79,71.95,68.31
9/3/2014,67.72,2907860,68.11,68.4,67.0601
9/2/2014,67.64,3294460,69.38,69.4,66.8
8/29/2014,68.68,1597115,69.37,69.75,68.43
8/28/2014,68.63,1956971,69.3,69.6876,68.5
8/27/2014,69.89,2065825,71.28,72.05,69.67
8/26/2014,70.48,2806025,71.32,71.32,69.6
8/25/2014,71.39,2109368,71.5,72.91,71.116
8/22/2014,70.73,1964945,69.89,70.92,69.1
8/21/2014,69.9,1855258,70.94,71.5999,69.85
8/20/2014,70.48,1584069,70.6,71.46,69.8
8/19/2014,70.79,3105935,71.03,71.8999,70.02
8/18/2014,72.05,2599678,72.08,73.5,71.9
8/15/2014,71.81,3386355,71.48,72.96,70.78
8/14/2014,71.19,2623983,71.41,71.88,69.1
8/13/2014,71.08,2959684,71.5,71.96,70.2
8/12/2014,70.71,3961367,73.03,73.47,70.06
8/11/2014,73.4,5726940,71.02,74.25,70.23
8/8/2014,70.14,13644830,76.11,79.4,69.52
8/7/2014,75.63,7710964,73.56,76.8,73.525
8/6/2014,72.86,4254322,69.98,73.4548,69.6
8/5/2014,71.25,3234510,69.81,71.62,69.31
8/4/2014,70.06,3854575,70.48,70.66,67.8
8/1/2014,69.81,4226477,70.59,72.57,68.25
7/31/2014,71.53,3300115,73.19,74,71.22
7/30/2014,74.29,2722162,74.01,74.59,73.2
7/29/2014,73.75,3903912,71.95,74.97,71.83
7/28/2014,71.85,3862330,71.38,73.79,70.05
7/25/2014,72.57,3590264,71.67,73.7,71.11
7/24/2014,72.16,4554786,69.12,73.47,69.11
7/23/2014,69.42,2528768,69.42,70.52,68.09
7/22/2014,69.71,2713329,69.06,70.19,67.88
7/21/2014,68.87,3387303,65.98,68.93,65.48
7/18/2014,66.36,2992545,63.79,66.4,63.76
7/17/2014,63.69,2707469,64.43,65.88,63.4
7/16/2014,64.86,2422755,65.73,66.17,64.72
7/15/2014,65.37,3137954,66.85,67.48,64.6701
7/14/2014,66.84,3755090,66.45,68.7499,65.33
7/11/2014,65.78,3883116,66.13,67.74,65.74
7/10/2014,65.58,3919359,63.34,66.3,62.5
7/9/2014,66.43,3809902,65.29,66.79,64.34
7/8/2014,64.61,7038848,68.33,68.68,63.33
7/7/2014,68.4,3405649,70.84,71.878,68.18
7/3/2014,71.34,3050768,73.05,73.28,70.39
7/2/2014,72.11,6360886,74.11,76.06,72.01
7/1/2014,71.22,4424448,70.72,72.25,69.6
6/30/2014,70.6,3598880,71.39,71.96,70.4
6/27/2014,70.87,5482770,70.3,71.8,70.06
6/26/2014,70.8,7576243,69.45,72.1,69.42
6/25/2014,69.01,5473820,67.9,70.2,67.2
6/24/2014,68.04,6628290,69.95,71.19,67.66
6/23/2014,70,7262385,68.8,70.8,67.7
6/20/2014,69,9897360,67.69,69.86,66.77
6/19/2014,67.95,10388870,67.5,68.9,66.01
6/18/2014,67.15,18452600,63.17,68.3,61.55
6/17/2014,64.53,24101210,54.99,65.68,54.25
6/16/2014,54.88,5622467,52.17,55.17,52.1
6/13/2014,52.45,3090475,50.84,52.45,50.25
6/12/2014,50.65,3686656,50.66,52.45,49.91
6/11/2014,50.81,3662676,48.95,51,48.13
6/10/2014,49.19,2306620,49.5,50.19,48.53
6/9/2014,49.62,3026956,50.08,51.08,49.11
6/6/2014,50.24,3506316,50.91,51.34,49.6
6/5/2014,50.8,5637574,48.75,51.44,48.28
6/4/2014,48.66,8288840,47.71,50.4,46.11
6/3/2014,49.21,3996541,51.02,51.1,48.9
6/2/2014,51.27,3766337,52.53,52.969,49.67
5/30/2014,52.5,4915019,55,55.88,51.64
5/29/2014,55.07,5703900,52.14,55.9,52.1
5/28/2014,51.98,2936643,52.94,53.44,51.29
5/27/2014,53.19,3008975,52.79,53.87,52.5
5/23/2014,52.05,3554930,50.99,52.37,50.41
5/22/2014,51.09,3800349,49.37,51.75,48.49
5/21/2014,49.32,3301121,48.29,49.91,47.78
5/20/2014,48.08,4752213,49.75,50.34,47.35
5/19/2014,49.68,3611960,49.67,51.06,49.4
5/16/2014,50.19,4048103,51,51.25,49.1
5/15/2014,51.25,5825453,54.09,54.779,50.2
5/14/2014,54.36,3999717,54.17,56.62,53.55
5/13/2014,54.38,4246654,53.74,55.4,53.19
5/12/2014,54.12,6343025,52.62,54.3,51.12
5/9/2014,52.04,5882055,53.6,54.72,51.5301
5/8/2014,53.6,15366810,51.56,57.39,50.04
5/7/2014,47.71,9599977,52.62,53.5,45.79
5/6/2014,52.46,3582892,55.21,56.39,52.2044
5/5/2014,55.47,2471528,53.5,55.68,53.33
5/2/2014,54.23,2236046,54.8,55.8,53.43
5/1/2014,54.6,3567380,52.97,56.77,52.605
4/30/2014,53.25,3187786,52,53.5,51.7
4/29/2014,52.63,5080719,52.99,53.65,51.6
4/28/2014,52.9,4772291,55.48,56.14,50.75
4/25/2014,55.4,3551336,57.22,58.27,55.01
4/24/2014,58.32,3404022,60.1,60.25,57.26
4/23/2014,59.22,3823948,60.83,60.87,58.25
4/22/2014,60.91,6065540,57.41,61.9,57.282
4/21/2014,57.13,3109244,57.22,57.75,55.56
4/17/2014,56.72,4890550,57.2,58.64,55.76
4/16/2014,56.11,4271070,54.43,56.23,52.761
4/15/2014,53.43,5748187,54,55.03,50.5
4/14/2014,54.04,4079502,55,56.5,52.68
4/11/2014,53.7,5870053,53.26,56.929,53.03
4/10/2014,55.13,6993975,59.29,60.35,54.99
4/9/2014,57.51,5017647,56.65,57.57,55.05
4/8/2014,55.9,5324200,54.19,56.5,53.8
4/7/2014,54.3,8163189,57.07,59.01,53.02
4/4/2014,59.08,7680967,61.98,63.68,58.15
4/3/2014,60.5,4864877,63.45,64.77,59.5
4/2/2014,63.75,4025546,65.47,65.78,63
4/1/2014,65.01,4534123,62.79,65.01,62.12
3/31/2014,62.62,3647997,63.07,63.76,60.63
3/28/2014,61.38,4894877,63.45,64.28,61
3/27/2014,60.74,5328299,59.295,61.85,56.62
3/26/2014,60.12,5234097,63.61,65.04,60.03
3/25/2014,63.2601,6010408,64.15,65.7,62.55
3/24/2014,62.58,9791317,64.02,64.68,58.74
3/21/2014,65.05,8513365,69.61,70,64.641
3/20/2014,69.55,5117393,72.58,74.09,69.17
3/19/2014,72.7,8619345,76.17,76.75,70.9
3/18/2014,77.1,5196263,74.74,77.43,73.75
3/17/2014,73.7,3218242,75.28,76.71,73.4
3/14/2014,73.79,3510515,73.56,74.9,72.66
3/13/2014,74.08,5935859,78.99,79.34,72.5
3/12/2014,78.5,5976330,74.37,78.5,74
3/11/2014,73.35,4783421,75.35,77.1,72.18
3/10/2014,75.65,4147411,76.37,77.9,74.39
3/7/2014,77.8,4858297,80.55,80.9285,76.25
3/6/2014,80.07,5255695,81.48,82.37,79.21
3/5/2014,80.42,7012697,82.98,83.6,77.5201
3/4/2014,82.64,5862674,84.08,86.34,82.21
3/3/2014,83.26,4394145,83.027,83.92,81.01
2/28/2014,84.96,6303271,86.93,88.2299,82
2/27/2014,86.14,5362850,87,87.55,83.68
2/26/2014,84.93,9047147,83.54,88.35,81.18
2/25/2014,81.18,12763020,76.82,83.79,76
2/24/2014,78.55,7091823,76.51,78.87,75.46
2/21/2014,75.86,3812011,76.5,77.4,74.91
2/20/2014,75.52,3318920,76.623,76.77,74.39
2/19/2014,74.01,6231361,78.58,78.9,73.74
2/18/2014,79.95,5808443,75.41,79.99,75
2/14/2014,74,3441493,75.7,76.4,73.1
2/13/2014,75.87,4167164,70.34,76.25,69.4
2/12/2014,71.42,2517184,71.38,71.98,70.37
2/11/2014,70.03,3426748,73.75,74,69.97
2/10/2014,72.9,4179744,72.75,75.29,72.65
2/7/2014,71.31,3235592,70.37,71.4,67.65
2/6/2014,68.78,2216391,70.11,71.37,68.2
2/5/2014,69.48,4766523,71.5,72,65.61
2/4/2014,72.21,2727627,71.52,72.8,70.33
2/3/2014,69.83,3777971,74.42,75.75,69.01
1/31/2014,74.09,2274391,74.31,76.03,73.5
1/30/2014,75.701,3690942,73.8,77.5,73.24
1/29/2014,72.1,2723972,72.49,74.2,71.5
1/28/2014,74.07,3232306,71.29,74.13,71
1/27/2014,69.94,4586765,69.35,72,66.78
1/24/2014,70.48,4341125,72.22,72.91,69.21
1/23/2014,73.89,2838859,73.72,73.9,71.72
1/22/2014,74.57,3434728,75.84,76.76,74.15
1/21/2014,75.14,4323746,72.875,75.88,71.84
1/17/2014,75.11,7529457,78.31,79.86,74.45
1/16/2014,76.8,11217320,71.8,77.24,71.57
1/15/2014,68.5,5653244,67.94,69.5,66.62
1/14/2014,65.55,4426906,63.05,66.6,61.34
1/13/2014,62.52,5135411,66.76,66.799,61.17
1/10/2014,66.8,3405746,67.55,68.46,65.9
1/9/2014,67.49,7667579,68.82,69.91,65.34
1/8/2014,66.18,3743572,63.27,66.6,63.27
1/7/2014,63.72,4709630,64,64.67,62.65
1/6/2014,63.61,10376200,65.1,67.14,63.04
1/3/2014,59.27,3234658,59.81,61.2,57.7
1/2/2014,59.71,4243196,56.54,60.52,55.56
12/31/2013,56.82,1798829,57.39,57.69,55.67
12/30/2013,57.35,2313040,57.02,58.46,56.75
12/27/2013,56.93,2654774,57.6,58.75,56.81
12/26/2013,57.26,3133816,56.28,59,56.28
12/24/2013,56.13,1348894,56.73,57.98,55.82
12/23/2013,56.5,2285905,56.08,56.79,54.61
12/20/2013,55.8,4063504,57.75,58.1,55.6
12/19/2013,56.9,7375081,52.65,58,52.22
12/18/2013,52.79,3511744,52.55,53.29,51.02
12/17/2013,52.41,5348028,51.68,53.89,51.57
12/16/2013,51.79,2505640,51.5,52.33,50.61
12/13/2013,51.16,3449036,52.31,54,50.9
12/12/2013,52.27,3711868,50.42,53.19,49.45
12/11/2013,51.08,2305497,52.92,53.5,51
12/10/2013,53.37,3365573,51.19,53.68,50.571
12/9/2013,51.83,3430194,53.5,54.27,51.3
12/6/2013,53.72,4003901,54.56,55.69,52.5301
12/5/2013,53.89,5635268,53.68,55.65,53.23
12/4/2013,52.17,3323993,51.94,53.75,51.38
12/3/2013,52.46,3749013,51.33,52.65,50.51
12/2/2013,50.86,4420118,50.89,53.04,50.56
11/29/2013,52.28,4895368,49.37,52.3,49.25
11/27/2013,49.07,5253594,45.31,49.1,44.47
11/26/2013,45.24,4435690,44.07,46.184,42.38
11/25/2013,44.71,4946345,48,48.45,43.7
11/22/2013,46.59,3498001,48.37,49.19,46.01
11/21/2013,48.02,4865225,46.38,48.6,46
11/20/2013,45.91,4044697,47.81,48.7,45.76
11/19/2013,46.72,7941427,50.76,50.95,45.59
11/18/2013,50.766,7534668,56.04,56.73,48.8301
11/15/2013,55.35,4268236,57.43,58.19,55.15
11/14/2013,56.23,7694133,58.15,59.64,54.64
11/13/2013,53.92,4066947,52.3,55,52.26
11/12/2013,52.56,3339937,53.77,53.98,51.72
11/11/2013,53.68,5241094,50.7,53.75,50
11/8/2013,50.18,6567303,49.5,50.7,47.72
11/7/2013,49.689,13185410,53.75,56.2,48.5
11/6/2013,59.65,6130571,61.84,61.95,57.525
11/5/2013,62.77,5327565,62.9,64.39,61.13
11/4/2013,60.97,12319150,56.5,65.3,56.49
11/1/2013,54.748,3329104,55.15,56.32,53.9
10/31/2013,53.35,4485386,53.54,54.35,51.201
10/30/2013,55.11,3189808,57.49,57.96,54.62
10/29/2013,57.68,2834067,57.22,58,55.7
10/28/2013,56.98,4377177,59.75,59.95,55.33
10/25/2013,58.03,3840291,61,61.16,57.31
10/24/2013,60.6,5308207,59.75,61.68,58.5118
10/23/2013,57.822,4770254,58.5,59.34,56.25
10/22/2013,59.7,7980824,58.48,59.97,53.5
10/21/2013,57.52,11631670,62.47,64.5,56.99
10/18/2013,59.46,8942204,55.72,59.9,54.62
10/17/2013,54.09,12041290,53.95,57.5,53.35
10/16/2013,52.38,14784820,47.71,52.65,47.12
10/15/2013,46.54,6689551,46.5,48.09,45.36
10/14/2013,46.46,7202319,47.17,47.9,45.93
10/11/2013,47.18,17791480,42,48.13,41.85
10/10/2013,38.33,2087922,37.65,38.5,36.88
10/9/2013,37.132,3193869,38.78,39.49,36.32
10/8/2013,39,5798466,38.81,40.5,36.641
10/7/2013,38.41,2995688,37.1,38.58,36.55
10/4/2013,37.65,2859910,35.71,37.76,35.29
10/3/2013,35.74,1955655,35.74,35.8,34.89
10/2/2013,35.5,1376854,35.39,36.21,34.7001
10/1/2013,35.78,2418216,34.67,36.11,34.52
9/30/2013,34.6,2258317,33.85,35.2,32.1
9/27/2013,34.49,1985413,34.28,35.2493,34.1321
9/26/2013,34.6,2339058,34.7,35.05,34.23
9/25/2013,34.47,6346674,35.4,35.74,34.41
9/24/2013,35.31,2109707,35.66,36.13,34.85
9/23/2013,35.77,4126866,37.91,38.01,35.5
9/20/2013,37.23,6002161,38.85,39.21,36.31
9/19/2013,38.43,6057894,37.16,38.46,36.65
9/18/2013,36.4,3400880,34.99,36.99,34.74
9/17/2013,35.2,1542285,35.62,35.82,34.82
9/16/2013,35.84,3641463,35.3,36.93,34.67
9/13/2013,34.23,2318243,36.05,36.114,34.12
9/12/2013,35.8,3225444,35.87,37.27,35.33
9/11/2013,35.6,6010902,35.54,37.87,34.105
9/10/2013,36.581,7366270,30.44,36.75,30.44
9/9/2013,29.89,2013334,29.1,30.49,28.88
9/6/2013,29.61,2075719,30.65,30.75,29.2
9/5/2013,30.38,3843699,29,30.6,28.8001
9/4/2013,28.63,2912085,29.26,29.41,28.31
9/3/2013,29.49,3137693,31.55,31.65,29.16
8/30/2013,31.34,3048845,32.81,33.399,30.2
8/29/2013,33.05,1746530,32.12,33.5,31.98
8/28/2013,32.15,2317645,33.84,34,32.08
8/27/2013,33.02,1709426,34.5,34.5,32.88
8/26/2013,35,2266684,34.49,35.68,34.4
8/23/2013,34.31,1027407,34.62,35.18,34.21
8/22/2013,34.18,945003,34.72,35,33.79
8/21/2013,34.49,1792321,34.15,35.29,33.71
8/20/2013,34.31,1883353,35.57,35.65,34.151
8/19/2013,35.42,1150667,37.16,37.6,35.34
8/16/2013,37.06,1083787,35.99,37.25,35.5
8/15/2013,35.61,967091,35.5,36.1,35.3
8/14/2013,36.14,2878538,37.67,37.96,35.4
8/13/2013,37.92,1990763,38.52,39.26,37.7
8/12/2013,38.12,1522630,38.12,38.88,37.57
8/9/2013,38.34,1876078,39.01,39.1602,38.16
8/8/2013,37.91,5626938,40.4,43.39,37.5
8/7/2013,42.5,3754584,42.35,42.69,40.57
8/6/2013,43.87,3161255,45.3,45.6,43.05
8/5/2013,45.15,4448587,42,45.49,41.81
8/2/2013,41.71,991703,40.61,41.74,40.38
8/1/2013,40.57,1155978,41.6,41.85,40.01
7/31/2013,41.352,1061563,42.14,42.2499,41.11
7/30/2013,41.47,1303718,42.09,42.79,41.19
7/29/2013,41.84,1422175,41.53,42.7999,41.3
7/26/2013,41.53,1260387,39.85,41.9,39.85
7/25/2013,40.09,1039888,39.7,40.399,39.12
7/24/2013,40.03,2116717,41.4,41.7,38.8
7/23/2013,40.81,1644491,42.11,42.69,40.6
7/22/2013,41.99,1573318,41.71,43.3,41.45
7/19/2013,41.67,1137874,42,42.14,40.5
7/18/2013,42.09,1094222,42.43,43.02,41.72
7/17/2013,42.06,2000572,40.81,42.63,40.6
7/16/2013,40.76,3324900,44.32,44.5952,40.3
7/15/2013,44.62,2079242,44.11,44.98,43.3
7/12/2013,43.32,1939465,43,44.29,42.65
7/11/2013,43.71,2185794,43.23,44.12,42.65
7/10/2013,42.1,2365930,42.7,43.47,41.59
7/9/2013,42.148,4195292,41.38,43.37,39.05
7/8/2013,40.986,2623963,38.45,41.33,38.3
7/5/2013,38.09,1380530,38.7,38.76,37.38
7/3/2013,37.49,992167,38.05,38.699,37.3
7/2/2013,37.74,3304570,40.7,41,37.3
7/1/2013,40.304,3872184,38,41.2,38
6/28/2013,37.749,3223223,36.47,38.2,36.39
6/27/2013,36.38,3316061,38,38.876,36.0533
6/26/2013,37.39,3429692,36.85,37.7,35.78
6/25/2013,36.01,3386035,33.65,36.42,33.5
6/24/2013,32.96,2321025,33.51,35.35,32.662
6/21/2013,34.52,2188304,35.22,35.98,34.02
6/20/2013,35.17,1434439,35.5,35.73,34.8349
6/19/2013,36.03,1773173,37.13,37.15,35.3
6/18/2013,36.45,3526612,35.68,37.98,35.68
6/17/2013,35.96,2237807,37.34,37.34,35.62
6/14/2013,36.29,3980306,36.3,37,35.13
6/13/2013,34.03,1927201,33.95,35.85,33.8
6/12/2013,34.28,3091568,34.5,36.4,33.73
6/11/2013,34.48,4939797,34.61,35.97,33.11
6/10/2013,36.35,3284513,36.22,39.07,35.92
6/7/2013,35.97,2205206,38.05,38.7499,35.5
6/6/2013,38.1,2003715,38.53,39.59,36.41
6/5/2013,38.4,2559142,36.19,39.81,36.1028
6/4/2013,37,3571164,38.77,40.44,36.5
6/3/2013,40.77,3031065,45.5,45.739,39.04
5/31/2013,45.25,2101555,48.2,48.4499,45.25
5/30/2013,48.44,2632388,50.13,50.3,47.15
5/29/2013,48.31,2377159,46.78,49.5,46
5/28/2013,46.78,4281084,51.36,52.5,45
5/24/2013,48.784,2496782,47.5,50.5,46.8
5/23/2013,46.79,3715028,40.81,47.87,40.28
5/22/2013,44.3,5552989,47.22,50.5,41.1
5/21/2013,44.52,5086958,50.5,51.95,44.15
5/20/2013,51.599,7333879,47.46,52.77,47.3001
5/17/2013,45,7849034,37.2,46.5,36
5/16/2013,35.69,3062405,36.43,36.5,33.65
5/15/2013,32.165,2184044,32.78,34.99,31.67
5/14/2013,31.44,4768439,32.22,36.85,30.82
5/13/2013,35.88,6293235,31.15,39,29.83
5/10/2013,28.88,1505310,27.49,29.12,27.35
5/9/2013,26.47,1073754,25.35,27,25
5/8/2013,24.16,791474,24.83,24.83,23.55
5/7/2013,23.66,1480672,26.56,26.95,23.5
5/6/2013,26.43,595434,27.24,27.3,26.02
5/3/2013,27,566238,26.5,27.98,26.5
5/2/2013,27.09,1566558,26.68,27.7,24
5/1/2013,28,1190393,27.39,28.23,27.35
4/30/2013,27.02,1227194,25.76,27.22,25.3
4/29/2013,25.13,795705,23.51,25.27,23.51
4/26/2013,23.34,389072,23.97,23.98,22.88
4/25/2013,23.89,534231,23.9,24.45,23.57
4/24/2013,23.34,608731,22.68,23.65,22.37
4/23/2013,22.27,754199,21.6,22.32,21.32
4/22/2013,21.1,478461,20.71,21.4,20.1
4/19/2013,20.37,247850,20.2,20.88,19.8801
4/18/2013,20.14,594600,19.39,20.35,19.0701
4/17/2013,19.29,306186,19.58,19.749,19
4/16/2013,19.73,428810,19.07,19.839,18.8102
4/15/2013,18.56,601486,20.16,20.16,18.5
4/12/2013,19.97,461056,20.12,20.43,19.296
4/11/2013,20.38,302647,20.5,20.95,20.2
4/10/2013,20.46,1177026,20.25,21.4,19.75
4/9/2013,20.14,1355293,19.01,20.5,18.65
4/8/2013,18.97,260966,18.54,19,18.451
4/5/2013,18.23,210494,18.03,18.65,18
4/4/2013,18.35,302968,19.05,19.05,18.11
4/3/2013,18.99,430544,19.16,19.26,18.76
4/2/2013,19.05,356386,19.53,19.7,19.04
4/1/2013,19.36,687248,18.91,19.57,18.77
3/28/2013,18.88,2306403,18.93,19.14,18
3/27/2013,18.9,794442,18.85,19.49,18.56
3/26/2013,18.89,1393777,18.78,20.29,18.58
3/25/2013,18.54,361229,18.43,18.75,18.25
3/22/2013,18.19,362834,17.7,18.23,17.7
3/21/2013,17.59,333832,17.55,17.87,17.27
3/20/2013,17.43,339392,17.12,17.5,17.12
3/19/2013,17.04,281743,16.91,17.299,16.83
3/18/2013,16.94,336730,16.64,16.94,16.45
3/15/2013,16.74,539474,16.55,16.8,16.3
3/14/2013,16.6,488614,16.95,17.0399,16.18
3/13/2013,16.9,289717,16.83,16.99,16.511
3/12/2013,16.74,404961,17.02,17.25,16.69
3/11/2013,16.94,563556,16.63,17.08,16.32
3/8/2013,16.31,646820,16.55,16.84,16.2
3/7/2013,16.49,2690763,17.7,18.15,15.88
3/6/2013,19.27,844718,18.8,19.75,18.6001
3/5/2013,18.55,481823,18.46,18.97,18.23
3/4/2013,18.23,292825,18.26,18.49,17.8
3/1/2013,18.16,226768,17.97,18.2,17.3
2/28/2013,18.11,554800,17.5,18.45,17.2503
2/27/2013,17.3,1003337,17,17.44,15.89
2/26/2013,17.4,637364,18.53,18.53,16.83
2/25/2013,18.54,352545,19.2,19.25,18.4101
2/22/2013,18.9,380054,19.77,19.77,18.66
2/21/2013,19.07,822015,18.71,19.19,17.3
2/20/2013,18.84,1587186,19.6,20.3799,18.52
2/19/2013,18.51,741592,17.75,18.85,17.61
2/15/2013,17.77,366143,18.82,18.875,17.6
2/14/2013,18.43,710342,17.71,18.8,17.4401
2/13/2013,17.64,1064803,19,19.58,17.45
2/12/2013,18.185,1642141,17.27,18.32,17.24
2/11/2013,16.67,811315,15.12,16.73,15.12
2/8/2013,15.13,263276,15.75,15.8,15.08
2/7/2013,15.48,166054,15.69,15.69,15.25
2/6/2013,15.3,665523,15.45,16.25,15.05
2/5/2013,15.09,283419,14.77,15.2,14.7
2/4/2013,14.72,238533,15.14,15.479,14.65
2/1/2013,15.17,351719,14.78,15.5,14.76
1/31/2013,14.62,266112,14.53,14.8,14.15
1/30/2013,14.6,437134,15.02,15.025,14.18
1/29/2013,15.04,326472,15.69,15.88,14.67
1/28/2013,15.63,287505,15.45,15.9,15.45
1/25/2013,15.49,649671,15.9,15.95,15.21
1/24/2013,16.01,375238,15.72,16.4,15.5
1/23/2013,15.8,292125,16.15,16.213,15.55
1/22/2013,16.034,630721,16.25,16.45,15.45
1/18/2013,15.92,936921,15.45,16.25,15.22
1/17/2013,15.21,659194,14.75,15.36,14.2
1/16/2013,13.98,620640,13.6,14.33,13.11
1/15/2013,13.72,740325,14.55,14.55,13.34
1/14/2013,14.59,610987,15.45,15.4746,14.41
1/11/2013,15.5,297430,15.8,16.06,15.0101
1/10/2013,15.76,594015,16.02,16.35,14.88
1/9/2013,15.65,965208,15,16.2299,15
1/8/2013,14.7319,1471787,16.74,16.94,14.38
1/7/2013,15.97,1994074,15.6,16.4,15.15
1/4/2013,14.4,1462820,13.71,15.2,13.5
1/3/2013,13.02,634271,12.47,13.45,12.15
1/2/2013,12.33,504920,12.98,12.98,11.95
12/31/2012,11.93,205690,11.62,12.1,11.62
12/28/2012,11.57,151556,11.39,11.69,11.3
12/27/2012,11.29,255007,11.19,11.49,11.01
12/26/2012,11.04,225188,11.2,11.25,10.82
12/24/2012,10.84,120745,11,11.05,10.76
12/21/2012,10.73,359810,10.36,10.9257,10.11
12/20/2012,10.67,619229,11.54,11.54,10.45
12/19/2012,11.22,666379,11.47,11.78,11
12/18/2012,11.59,788760,12.5,12.96,11.41
12/17/2012,12.33,584635,12.54,12.54,11.75
12/14/2012,11.72,1686501,13,13,11.52
12/13/2012,11.79,8302562,9.25,12.7,9.2
