date,close_FSLR,close_SCTY
11/17/2006,24.74,
11/20/2006,25,
11/21/2006,24.6,
11/22/2006,26.88,
11/24/2006,27.75,
11/27/2006,28.35,
11/28/2006,28.17,
11/29/2006,28.27,
11/30/2006,28.3,
12/1/2006,27.89,
12/4/2006,27.88,
12/5/2006,27.08,
12/6/2006,27.2,
12/7/2006,27.32,
12/8/2006,27.53,
12/11/2006,27.95,
12/12/2006,27.2,
12/13/2006,27.64,
12/14/2006,27.93,
12/15/2006,29.05,
12/18/2006,28.59,
12/19/2006,27.79,
12/20/2006,27.78,
12/21/2006,26.69,
12/22/2006,27.53,
12/26/2006,27.1,
12/27/2006,28.81,
12/28/2006,29.86,
12/29/2006,29.84,
1/3/2007,28.5,
1/4/2007,28.75,
1/5/2007,28.15,
1/8/2007,28.9,
1/9/2007,29.27,
1/10/2007,29.16,
1/11/2007,29.34,
1/12/2007,29.53,
1/16/2007,29.27,
1/17/2007,29.02,
1/18/2007,28.32,
1/19/2007,27.71,
1/22/2007,27.88,
1/23/2007,28.85,
1/24/2007,29.15,
1/25/2007,29.43,
1/26/2007,29.14,
1/29/2007,31.14,
1/30/2007,32.72,
1/31/2007,32.37,
2/1/2007,32.66,
2/2/2007,31.2,
2/5/2007,32.78,
2/6/2007,32.81,
2/7/2007,33.44,
2/8/2007,33.79,
2/9/2007,32.86,
2/12/2007,33.1,
2/13/2007,34.28,
2/14/2007,43.72,
2/15/2007,44.98,
2/16/2007,45.26,
2/20/2007,49.21,
2/21/2007,51.19,
2/22/2007,49.2,
2/23/2007,49.43,
2/26/2007,51.85,
2/27/2007,49.01,
2/28/2007,47.75,
3/1/2007,47.88,
3/2/2007,46.27,
3/5/2007,44.1301,
3/6/2007,46.3,
3/7/2007,47.62,
3/8/2007,51.87,
3/9/2007,52.06,
3/12/2007,57.91,
3/13/2007,53.72,
3/14/2007,54.46,
3/15/2007,52.69,
3/16/2007,51.52,
3/19/2007,52.5,
3/20/2007,52.3,
3/21/2007,54.5,
3/22/2007,58.14,
3/23/2007,58.25,
3/26/2007,57.01,
3/27/2007,55.44,
3/28/2007,54.5,
3/29/2007,53.2,
3/30/2007,52.01,
4/2/2007,55.89,
4/3/2007,55.75,
4/4/2007,57.29,
4/5/2007,56.46,
4/9/2007,57.51,
4/10/2007,60.15,
4/11/2007,62.23,
4/12/2007,62.91,
4/13/2007,61.258,
4/16/2007,64.9399,
4/17/2007,62.39,
4/18/2007,61.76,
4/19/2007,60.17,
4/20/2007,60.91,
4/23/2007,63.14,
4/24/2007,63.67,
4/25/2007,64.89,
4/26/2007,63.95,
4/27/2007,63.64,
4/30/2007,59.99,
5/1/2007,55.04,
5/2/2007,58.9,
5/3/2007,57.95,
5/4/2007,66.7,
5/7/2007,69.63,
5/8/2007,68.82,
5/9/2007,68.58,
5/10/2007,68.7,
5/11/2007,67.87,
5/14/2007,65.26,
5/15/2007,63.37,
5/16/2007,64.126,
5/17/2007,65.17,
5/18/2007,63.42,
5/21/2007,62.03,
5/22/2007,64.9,
5/23/2007,65.87,
5/24/2007,65.03,
5/25/2007,66.72,
5/29/2007,67.13,
5/30/2007,68.3,
5/31/2007,68.04,
6/1/2007,68.17,
6/4/2007,68.78,
6/5/2007,71.83,
6/6/2007,71.36,
6/7/2007,70.54,
6/8/2007,71.22,
6/11/2007,70.94,
6/12/2007,71.04,
6/13/2007,74.36,
6/14/2007,74.96,
6/15/2007,78.1,
6/18/2007,78.28,
6/19/2007,79.24,
6/20/2007,80.82,
6/21/2007,80.21,
6/22/2007,84.64,
6/25/2007,86.35,
6/26/2007,88.27,
6/27/2007,88.66,
6/28/2007,90.13,
6/29/2007,89.29,
7/2/2007,93.75,
7/3/2007,97.48,
7/5/2007,94.53,
7/6/2007,96.29,
7/9/2007,119.3401,
7/10/2007,114.89,
7/11/2007,113.45,
7/12/2007,114.56,
7/13/2007,115.97,
7/16/2007,112.05,
7/17/2007,109.4,
7/18/2007,109.92,
7/19/2007,111.64,
7/20/2007,110.14,
7/23/2007,108.75,
7/24/2007,107.1601,
7/25/2007,108.0799,
7/26/2007,107.39,
7/27/2007,110.6899,
7/30/2007,120.28,
7/31/2007,112.57,
8/1/2007,107.5,
8/2/2007,104.54,
8/3/2007,100.05,
8/6/2007,98.2,
8/7/2007,105.32,
8/8/2007,109.9,
8/9/2007,103,
8/10/2007,94.4201,
8/13/2007,95.54,
8/14/2007,91.55,
8/15/2007,87.54,
8/16/2007,81.87,
8/17/2007,85.21,
8/20/2007,94.01,
8/21/2007,96.49,
8/22/2007,99.07,
8/23/2007,94.2,
8/24/2007,97.55,
8/27/2007,95.83,
8/28/2007,90.96,
8/29/2007,95.79,
8/30/2007,102.49,
8/31/2007,103.74,
9/4/2007,106.98,
9/5/2007,106.5,
9/6/2007,104.38,
9/7/2007,99.94,
9/10/2007,100.42,
9/11/2007,102.19,
9/12/2007,98.13,
9/13/2007,99.9,
9/14/2007,98.33,
9/17/2007,94.86,
9/18/2007,101.18,
9/19/2007,100.9301,
9/20/2007,103,
9/21/2007,112.55,
9/24/2007,112.8,
9/25/2007,113.82,
9/26/2007,114.4,
9/27/2007,110.03,
9/28/2007,117.7399,
10/1/2007,126.96,
10/2/2007,131.53,
10/3/2007,127.92,
10/4/2007,131.84,
10/5/2007,137.0301,
10/8/2007,137.3,
10/9/2007,137.22,
10/10/2007,135.9,
10/11/2007,130,
10/12/2007,135.7199,
10/15/2007,134.95,
10/16/2007,138.93,
10/17/2007,139.09,
10/18/2007,140.57,
10/19/2007,133.24,
10/22/2007,136.9,
10/23/2007,150.16,
10/24/2007,148.38,
10/25/2007,149.97,
10/26/2007,150.44,
10/29/2007,156.2,
10/30/2007,149.75,
10/31/2007,158.81,
11/1/2007,155.35,
11/2/2007,146.56,
11/5/2007,148.1,
11/6/2007,169,
11/7/2007,167.12,
11/8/2007,224.4301,
11/9/2007,206.85,
11/12/2007,177.7,
11/13/2007,188.07,
11/14/2007,185.39,
11/15/2007,190.95,
11/16/2007,212.63,
11/19/2007,215.76,
11/20/2007,207.33,
11/21/2007,212.5,
11/23/2007,210.13,
11/26/2007,212,
11/27/2007,207.62,
11/28/2007,215.88,
11/29/2007,238.18,
11/30/2007,237.15,
12/3/2007,229.22,
12/4/2007,214.54,
12/5/2007,225.93,
12/6/2007,218.4,
12/7/2007,235.47,
12/10/2007,250,
12/11/2007,236.292,
12/12/2007,241.68,
12/13/2007,248.35,
12/14/2007,251.69,
12/17/2007,231.97,
12/18/2007,247.1,
12/19/2007,247.98,
12/20/2007,245.6,
12/21/2007,266.4,
12/24/2007,272.04,
12/26/2007,280.91,
12/27/2007,275.5,
12/28/2007,266.04,
12/31/2007,267.14,
1/2/2008,267.7,
1/3/2008,265.87,
1/4/2008,245.58,
1/7/2008,236.84,
1/8/2008,230.5,
1/9/2008,234.25,
1/10/2008,225.97,
1/11/2008,221,
1/14/2008,224.76,
1/15/2008,204.79,
1/16/2008,181.56,
1/17/2008,167.2,
1/18/2008,175.88,
1/22/2008,182.79,
1/23/2008,164.745,
1/24/2008,171.46,
1/25/2008,171.28,
1/28/2008,177,
1/29/2008,191.9,
1/30/2008,184.35,
1/31/2008,181.77,
2/1/2008,185.94,
2/4/2008,192.9,
2/5/2008,177.9999,
2/6/2008,171.7099,
2/7/2008,165.6,
2/8/2008,173.19,
2/11/2008,189.64,
2/12/2008,175.56,
2/13/2008,228.46,
2/14/2008,224.11,
2/15/2008,219.39,
2/19/2008,211.94,
2/20/2008,217,
2/21/2008,211.59,
2/22/2008,211.7442,
2/25/2008,218.9,
2/26/2008,220.69,
2/27/2008,217.69,
2/28/2008,205.26,
2/29/2008,205.1512,
3/3/2008,207.49,
3/4/2008,202.6,
3/5/2008,213.186,
3/6/2008,208.77,
3/7/2008,196.82,
3/10/2008,176.57,
3/11/2008,198.108,
3/12/2008,205.88,
3/13/2008,207.29,
3/14/2008,200.84,
3/17/2008,193.9,
3/18/2008,204.02,
3/19/2008,196.97,
3/20/2008,193.66,
3/24/2008,209.5,
3/25/2008,219.73,
3/26/2008,220.19,
3/27/2008,227.49,
3/28/2008,228.68,
3/31/2008,231.14,
4/1/2008,237.53,
4/2/2008,249.55,
4/3/2008,251.6,
4/4/2008,278,
4/7/2008,272.25,
4/8/2008,271.99,
4/9/2008,269.87,
4/10/2008,271.2,
4/11/2008,268.3,
4/14/2008,274.1,
4/15/2008,287.32,
4/16/2008,295.91,
4/17/2008,287.36,
4/18/2008,285.7901,
4/21/2008,291.85,
4/22/2008,298.03,
4/23/2008,286.03,
4/24/2008,283.61,
4/25/2008,288.24,
4/28/2008,285.52,
4/29/2008,284.92,
4/30/2008,291.99,
5/1/2008,263.3501,
5/2/2008,276.24,
5/5/2008,268.82,
5/6/2008,278.57,
5/7/2008,276.85,
5/8/2008,275.8,
5/9/2008,284.5,
5/12/2008,284.84,
5/13/2008,303.98,
5/14/2008,307.94,
5/15/2008,306.78,
5/16/2008,311.14,
5/19/2008,295.9,
5/20/2008,299.06,
5/21/2008,279.45,
5/22/2008,271.43,
5/23/2008,278.48,
5/27/2008,265.16,
5/28/2008,273.18,
5/29/2008,252.1,
5/30/2008,267.54,
6/2/2008,255.96,
6/3/2008,257.32,
6/4/2008,242.88,
6/5/2008,256,
6/6/2008,251.69,
6/9/2008,244.76,
6/10/2008,245.15,
6/11/2008,253.19,
6/12/2008,261.8,
6/13/2008,274.39,
6/16/2008,277.4,
6/17/2008,282.22,
6/18/2008,275.75,
6/19/2008,274.32,
6/20/2008,268.22,
6/23/2008,288,
6/24/2008,288.22,
6/25/2008,290.13,
6/26/2008,273.27,
6/27/2008,266.25,
6/30/2008,272.82,
7/1/2008,270.68,
7/2/2008,247.84,
7/3/2008,253.65,
7/7/2008,256.8,
7/8/2008,262,
7/9/2008,265.4,
7/10/2008,280,
7/11/2008,279.1,
7/14/2008,285.96,
7/15/2008,277,
7/16/2008,288.6,
7/17/2008,278.42,
7/18/2008,279.27,
7/21/2008,281.18,
7/22/2008,266.45,
7/23/2008,259.72,
7/24/2008,264.09,
7/25/2008,262.46,
7/28/2008,266.9,
7/29/2008,277.57,
7/30/2008,285,
7/31/2008,285.03,
8/1/2008,280.74,
8/4/2008,267.24,
8/5/2008,264.29,
8/6/2008,269,
8/7/2008,265.97,
8/8/2008,257.87,
8/11/2008,248,
8/12/2008,250.43,
8/13/2008,260.03,
8/14/2008,260,
8/15/2008,264.92,
8/18/2008,256.92,
8/19/2008,258.74,
8/20/2008,272.99,
8/21/2008,279.27,
8/22/2008,282.82,
8/25/2008,271.04,
8/26/2008,272.76,
8/27/2008,277,
8/28/2008,278,
8/29/2008,276.65,
9/2/2008,260.6,
9/3/2008,247.14,
9/4/2008,237.13,
9/5/2008,236.01,
9/8/2008,222.68,
9/9/2008,200.26,
9/10/2008,211.25,
9/11/2008,209.7,
9/12/2008,214.65,
9/15/2008,202.97,
9/16/2008,214.65,
9/17/2008,212,
9/18/2008,223.39,
9/19/2008,241.9,
9/22/2008,222.65,
9/23/2008,210.89,
9/24/2008,221.8,
9/25/2008,221.38,
9/26/2008,207.13,
9/29/2008,180.31,
9/30/2008,188.91,
10/1/2008,197.26,
10/2/2008,177.86,
10/3/2008,163.19,
10/6/2008,159.71,
10/7/2008,128,
10/8/2008,127.43,
10/9/2008,118.1,
10/10/2008,117.45,
10/13/2008,143.97,
10/14/2008,143.11,
10/15/2008,123.52,
10/16/2008,141.7,
10/17/2008,135,
10/20/2008,143.98,
10/21/2008,141.16,
10/22/2008,137.24,
10/23/2008,124.74,
10/24/2008,120.53,
10/27/2008,107.91,
10/28/2008,114.09,
10/29/2008,115.75,
10/30/2008,144.07,
10/31/2008,143.7,
11/3/2008,161.91,
11/4/2008,177.52,
11/5/2008,152.09,
11/6/2008,143.6,
11/7/2008,149.67,
11/10/2008,138.5,
11/11/2008,130.9,
11/12/2008,110.06,
11/13/2008,125.31,
11/14/2008,116.78,
11/17/2008,115.55,
11/18/2008,110.56,
11/19/2008,101.13,
11/20/2008,87.23,
11/21/2008,92.81,
11/24/2008,112.62,
11/25/2008,117.19,
11/26/2008,127.77,
11/28/2008,124.84,
12/1/2008,110.2,
12/2/2008,116.12,
12/3/2008,133.72,
12/4/2008,122,
12/5/2008,128.54,
12/8/2008,134.84,
12/9/2008,117.11,
12/10/2008,119.68,
12/11/2008,117.57,
12/12/2008,116.92,
12/15/2008,111.2,
12/16/2008,126.61,
12/17/2008,141.94,
12/18/2008,137.88,
12/19/2008,140.68,
12/22/2008,133.01,
12/23/2008,137.37,
12/24/2008,133.73,
12/26/2008,135.01,
12/29/2008,135.99,
12/30/2008,135.65,
12/31/2008,137.96,
1/2/2009,151.5,
1/5/2009,157.8,
1/6/2009,153.71,
1/7/2009,148.5,
1/8/2009,155.36,
1/9/2009,162.54,
1/12/2009,149.93,
1/13/2009,141.1,
1/14/2009,133.38,
1/15/2009,142.58,
1/16/2009,145.42,
1/20/2009,137.76,
1/21/2009,141.42,
1/22/2009,137.3,
1/23/2009,137.51,
1/26/2009,139.05,
1/27/2009,141.08,
1/28/2009,145.88,
1/29/2009,136.89,
1/30/2009,142.8,
2/2/2009,138.27,
2/3/2009,140.46,
2/4/2009,144.91,
2/5/2009,149.79,
2/6/2009,146.3,
2/9/2009,148.94,
2/10/2009,145.23,
2/11/2009,146.86,
2/12/2009,145.6,
2/13/2009,144.45,
2/17/2009,133.63,
2/18/2009,129.22,
2/19/2009,131.3,
2/20/2009,134.01,
2/23/2009,124.84,
2/24/2009,137.68,
2/25/2009,107.65,
2/26/2009,105,
2/27/2009,105.74,
3/2/2009,103.97,
3/3/2009,110.44,
3/4/2009,113.25,
3/5/2009,109.79,
3/6/2009,108.49,
3/9/2009,108.36,
3/10/2009,120.24,
3/11/2009,119.48,
3/12/2009,126.5,
3/13/2009,129.55,
3/16/2009,124.86,
3/17/2009,115.96,
3/18/2009,118.64,
3/19/2009,124.8,
3/20/2009,120.37,
3/23/2009,131.02,
3/24/2009,128.804,
3/25/2009,133.98,
3/26/2009,150.39,
3/27/2009,147.36,
3/30/2009,136.76,
3/31/2009,132.7,
4/1/2009,135.5,
4/2/2009,138.02,
4/3/2009,134.38,
4/6/2009,138.16,
4/7/2009,133.12,
4/8/2009,135.69,
4/9/2009,142.05,
4/13/2009,144.1,
4/14/2009,148.1,
4/15/2009,149.25,
4/16/2009,146.93,
4/17/2009,143.8,
4/20/2009,138.48,
4/21/2009,140.14,
4/22/2009,145.87,
4/23/2009,143.5,
4/24/2009,147.46,
4/27/2009,152,
4/28/2009,146.66,
4/29/2009,151.67,
4/30/2009,187.29,
5/1/2009,180.89,
5/4/2009,193.64,
5/5/2009,192.21,
5/6/2009,199.095,
5/7/2009,195.05,
5/8/2009,191.05,
5/11/2009,193.63,
5/12/2009,190.65,
5/13/2009,179.5,
5/14/2009,180.43,
5/15/2009,177.43,
5/18/2009,184.9,
5/19/2009,189.7,
5/20/2009,202.4,
5/21/2009,193.2,
5/22/2009,191.72,
5/26/2009,179.51,
5/27/2009,180.69,
5/28/2009,183.75,
5/29/2009,190.29,
6/1/2009,189.06,
6/2/2009,184.5,
6/3/2009,178.51,
6/4/2009,184.25,
6/5/2009,182.1,
6/8/2009,183.97,
6/9/2009,182.88,
6/10/2009,186.75,
6/11/2009,184.1,
6/12/2009,183.8,
6/15/2009,178.98,
6/16/2009,172.04,
6/17/2009,168.31,
6/18/2009,170.25,
6/19/2009,173.46,
6/22/2009,162.3,
6/23/2009,164.42,
6/24/2009,171.19,
6/25/2009,159.48,
6/26/2009,160.72,
6/29/2009,157.2,
6/30/2009,162.2,
7/1/2009,155.29,
7/2/2009,154.2,
7/6/2009,149.6,
7/7/2009,144.74,
7/8/2009,149.58,
7/9/2009,146.11,
7/10/2009,143.1,
7/13/2009,145.79,
7/14/2009,141.54,
7/15/2009,148.61,
7/16/2009,145.18,
7/17/2009,144.55,
7/20/2009,146.64,
7/21/2009,155.4,
7/22/2009,151.36,
7/23/2009,157.78,
7/24/2009,169.43,
7/27/2009,171.5,
7/28/2009,167.9,
7/29/2009,167.99,
7/30/2009,173.55,
7/31/2009,154.39,
8/3/2009,155.58,
8/4/2009,147.98,
8/5/2009,149.54,
8/6/2009,142.76,
8/7/2009,146.47,
8/10/2009,147.34,
8/11/2009,146.53,
8/12/2009,144.99,
8/13/2009,144.76,
8/14/2009,141.78,
8/17/2009,134.43,
8/18/2009,133.12,
8/19/2009,131.43,
8/20/2009,130.42,
8/21/2009,121.54,
8/24/2009,124.08,
8/25/2009,128.18,
8/26/2009,126.75,
8/27/2009,125.88,
8/28/2009,124.21,
8/31/2009,121.58,
9/1/2009,114.98,
9/2/2009,118.32,
9/3/2009,119.94,
9/4/2009,121.47,
9/8/2009,134.41,
9/9/2009,136.61,
9/10/2009,140.15,
9/11/2009,136.75,
9/14/2009,133.09,
9/15/2009,140.1,
9/16/2009,146.99,
9/17/2009,151.08,
9/18/2009,156.15,
9/21/2009,157.25,
9/22/2009,156.3,
9/23/2009,152.71,
9/24/2009,150.62,
9/25/2009,152.87,
9/28/2009,148.08,
9/29/2009,152.05,
9/30/2009,152.86,
10/1/2009,143.76,
10/2/2009,150,
10/5/2009,148.58,
10/6/2009,150.65,
10/7/2009,154.84,
10/8/2009,156.73,
10/9/2009,156.69,
10/12/2009,160,
10/13/2009,154.32,
10/14/2009,154.32,
10/15/2009,152.76,
10/16/2009,147.54,
10/19/2009,152.19,
10/20/2009,155.02,
10/21/2009,153.94,
10/22/2009,156.08,
10/23/2009,152.39,
10/26/2009,154.87,
10/27/2009,150.22,
10/28/2009,151.58,
10/29/2009,126.47,
10/30/2009,121.93,
11/2/2009,121.7,
11/3/2009,124.51,
11/4/2009,121.59,
11/5/2009,120.76,
11/6/2009,117.93,
11/9/2009,119.5,
11/10/2009,119.9,
11/11/2009,119.85,
11/12/2009,115.37,
11/13/2009,118.298,
11/16/2009,123.41,
11/17/2009,123.99,
11/18/2009,124.67,
11/19/2009,121.13,
11/20/2009,121.18,
11/23/2009,121.42,
11/24/2009,119.25,
11/25/2009,120.97,
11/27/2009,120.3,
11/30/2009,119.11,
12/1/2009,122.02,
12/2/2009,121.7105,
12/3/2009,128.12,
12/4/2009,129.62,
12/7/2009,135.18,
12/8/2009,133.54,
12/9/2009,135.36,
12/10/2009,132.94,
12/11/2009,133.1,
12/14/2009,138.65,
12/15/2009,138.99,
12/16/2009,136.74,
12/17/2009,135.73,
12/18/2009,135.67,
12/21/2009,136.99,
12/22/2009,135.5,
12/23/2009,132.58,
12/24/2009,133.8,
12/28/2009,134.83,
12/29/2009,135.54,
12/30/2009,136.79,
12/31/2009,135.4,
1/4/2010,135.46,
1/5/2010,137.4,
1/6/2010,140.02,
1/7/2010,140.48,
1/8/2010,139.68,
1/11/2010,138.24,
1/12/2010,132.98,
1/13/2010,132.12,
1/14/2010,124.84,
1/15/2010,124.07,
1/19/2010,123.94,
1/20/2010,119.505,
1/21/2010,119.12,
1/22/2010,112.39,
1/25/2010,111.72,
1/26/2010,115.13,
1/27/2010,114.14,
1/28/2010,114.35,
1/29/2010,113.3,
2/1/2010,117.49,
2/2/2010,117.37,
2/3/2010,119.07,
2/4/2010,113.46,
2/5/2010,114.19,
2/8/2010,111.21,
2/9/2010,113.29,
2/10/2010,109.33,
2/11/2010,113.81,
2/12/2010,115.1,
2/16/2010,121.36,
2/17/2010,124.22,
2/18/2010,126.29,
2/19/2010,116,
2/22/2010,113.09,
2/23/2010,105.78,
2/24/2010,105.13,
2/25/2010,102.97,
2/26/2010,105.75,
3/1/2010,105.62,
3/2/2010,107.26,
3/3/2010,107.64,
3/4/2010,108.05,
3/5/2010,108.6175,
3/8/2010,108.64,
3/9/2010,106.22,
3/10/2010,110.95,
3/11/2010,113.69,
3/12/2010,115.53,
3/15/2010,114.92,
3/16/2010,115.24,
3/17/2010,114.525,
3/18/2010,115.13,
3/19/2010,113.3,
3/22/2010,109.36,
3/23/2010,112.02,
3/24/2010,109.45,
3/25/2010,112.05,
3/26/2010,116.5,
3/29/2010,119.37,
3/30/2010,122.18,
3/31/2010,122.65,
4/1/2010,121.3,
4/5/2010,122.28,
4/6/2010,120.53,
4/7/2010,126.6,
4/8/2010,126.25,
4/9/2010,124.09,
4/12/2010,127.86,
4/13/2010,126.75,
4/14/2010,132.6,
4/15/2010,137.9,
4/16/2010,134.32,
4/19/2010,132.8,
4/20/2010,134.12,
4/21/2010,130.49,
4/22/2010,133.94,
4/23/2010,133.87,
4/26/2010,131.95,
4/27/2010,128.36,
4/28/2010,128.13,
4/29/2010,150.87,
4/30/2010,143.98,
5/3/2010,146.91,
5/4/2010,139.73,
5/5/2010,133.95,
5/6/2010,122.24,
5/7/2010,122.55,
5/10/2010,130.18,
5/11/2010,127.45,
5/12/2010,128.62,
5/13/2010,126,
5/14/2010,120.31,
5/17/2010,113.17,
5/18/2010,110.06,
5/19/2010,110,
5/20/2010,109.62,
5/21/2010,113.95,
5/24/2010,109.21,
5/25/2010,112.62,
5/26/2010,110.35,
5/27/2010,115.8,
5/28/2010,112.36,
6/1/2010,107.11,
6/2/2010,110.98,
6/3/2010,112.96,
6/4/2010,109.84,
6/7/2010,104.9775,
6/8/2010,104.38,
6/9/2010,103.07,
6/10/2010,109.36,
6/11/2010,107.27,
6/14/2010,107.53,
6/15/2010,117.27,
6/16/2010,118.77,
6/17/2010,123.45,
6/18/2010,123.68,
6/21/2010,122.45,
6/22/2010,119.84,
6/23/2010,120.75,
6/24/2010,116.88,
6/25/2010,119.26,
6/28/2010,119.23,
6/29/2010,114.42,
6/30/2010,113.83,
7/1/2010,117.45,
7/2/2010,120.52,
7/6/2010,121.88,
7/7/2010,128.48,
7/8/2010,130.65,
7/9/2010,132.13,
7/12/2010,129.71,
7/13/2010,130.64,
7/14/2010,133.21,
7/15/2010,131.46,
7/16/2010,128.92,
7/19/2010,131.55,
7/20/2010,136.22,
7/21/2010,135.1,
7/22/2010,137.68,
7/23/2010,139.99,
7/26/2010,139.4,
7/27/2010,136.74,
7/28/2010,137.04,
7/29/2010,135.5,
7/30/2010,125.45,
8/2/2010,126.14,
8/3/2010,126.7,
8/4/2010,131.45,
8/5/2010,129.73,
8/6/2010,129.34,
8/9/2010,129.95,
8/10/2010,129.22,
8/11/2010,125.44,
8/12/2010,124.65,
8/13/2010,124.52,
8/16/2010,125.05,
8/17/2010,125.86,
8/18/2010,125.08,
8/19/2010,123.21,
8/20/2010,125.03,
8/23/2010,126.29,
8/24/2010,125.16,
8/25/2010,124.98,
8/26/2010,126.68,
8/27/2010,128.88,
8/30/2010,126.28,
8/31/2010,127.85,
9/1/2010,130.17,
9/2/2010,134.89,
9/3/2010,136.45,
9/7/2010,134.79,
9/8/2010,137.25,
9/9/2010,138.34,
9/10/2010,138.41,
9/13/2010,138.85,
9/14/2010,141.27,
9/15/2010,140.26,
9/16/2010,144.74,
9/17/2010,144.88,
9/20/2010,145.82,
9/21/2010,146,
9/22/2010,143.55,
9/23/2010,143.23,
9/24/2010,147.09,
9/27/2010,147.91,
9/28/2010,148.52,
9/29/2010,149.27,
9/30/2010,147.35,
10/1/2010,147.23,
10/4/2010,142.27,
10/5/2010,142.63,
10/6/2010,138.64,
10/7/2010,140.56,
10/8/2010,137.62,
10/11/2010,139.5,
10/12/2010,137.01,
10/13/2010,136.93,
10/14/2010,142.27,
10/15/2010,144.56,
10/18/2010,147.07,
10/19/2010,143.92,
10/20/2010,143.39,
10/21/2010,145.07,
10/22/2010,145.55,
10/25/2010,147.15,
10/26/2010,148.15,
10/27/2010,150.3,
10/28/2010,151.15,
10/29/2010,137.68,
11/1/2010,134.44,
11/2/2010,137.64,
11/3/2010,137.64,
11/4/2010,136.48,
11/5/2010,138.83,
11/8/2010,140.26,
11/9/2010,138.62,
11/10/2010,140.11,
11/11/2010,140.95,
11/12/2010,138.39,
11/15/2010,139.66,
11/16/2010,130.69,
11/17/2010,122.83,
11/18/2010,123.64,
11/19/2010,126.7475,
11/22/2010,124.53,
11/23/2010,124.2,
11/24/2010,126.39,
11/26/2010,126.22,
11/29/2010,122.35,
11/30/2010,122.85,
12/1/2010,126.74,
12/2/2010,131.47,
12/3/2010,131.04,
12/6/2010,134.05,
12/7/2010,130.98,
12/8/2010,133.5,
12/9/2010,133.22,
12/10/2010,138.2025,
12/13/2010,136.8,
12/14/2010,137.04,
12/15/2010,135.15,
12/16/2010,135.61,
12/17/2010,133.25,
12/20/2010,132.24,
12/21/2010,133.03,
12/22/2010,131.665,
12/23/2010,131.93,
12/27/2010,131.18,
12/28/2010,129.27,
12/29/2010,129.82,
12/30/2010,131.09,
12/31/2010,130.14,
1/3/2011,132.78,
1/4/2011,131.12,
1/5/2011,131.6,
1/6/2011,134.53,
1/7/2011,133.58,
1/10/2011,136.43,
1/11/2011,137.69,
1/12/2011,139.83,
1/13/2011,141.55,
1/14/2011,140.84,
1/18/2011,147.95,
1/19/2011,143.68,
1/20/2011,147.39,
1/21/2011,147.41,
1/24/2011,156.4,
1/25/2011,150.62,
1/26/2011,151.86,
1/27/2011,151.02,
1/28/2011,147.49,
1/31/2011,154.58,
2/1/2011,156.1,
2/2/2011,164.4,
2/3/2011,162.17,
2/4/2011,157.94,
2/7/2011,159.3,
2/8/2011,158.48,
2/9/2011,155.28,
2/10/2011,157.47,
2/11/2011,166.11,
2/14/2011,167.75,
2/15/2011,166.26,
2/16/2011,169,
2/17/2011,170.8,
2/18/2011,168.22,
2/22/2011,164.1,
2/23/2011,163.02,
2/24/2011,164.68,
2/25/2011,155.72,
2/28/2011,147.39,
3/1/2011,147.37,
3/2/2011,145.64,
3/3/2011,145.91,
3/4/2011,146.57,
3/7/2011,142.55,
3/8/2011,143.17,
3/9/2011,142.7,
3/10/2011,140.05,
3/11/2011,139.74,
3/14/2011,146.91,
3/15/2011,158.91,
3/16/2011,155.08,
3/17/2011,154,
3/18/2011,149.66,
3/21/2011,150.18,
3/22/2011,149,
3/23/2011,149.85,
3/24/2011,150.18,
3/25/2011,150.44,
3/28/2011,153.28,
3/29/2011,156.08,
3/30/2011,155.39,
3/31/2011,160.84,
4/1/2011,160.4,
4/4/2011,156.26,
4/5/2011,153.01,
4/6/2011,150.6,
4/7/2011,148.8,
4/8/2011,147.32,
4/11/2011,144.4,
4/12/2011,143.65,
4/13/2011,144.73,
4/14/2011,140.9,
4/15/2011,137.64,
4/18/2011,136.94,
4/19/2011,134.26,
4/20/2011,138.47,
4/21/2011,137.22,
4/25/2011,134.71,
4/26/2011,136.49,
4/27/2011,138.59,
4/28/2011,138.39,
4/29/2011,139.57,
5/2/2011,137.53,
5/3/2011,134.66,
5/4/2011,126.31,
5/5/2011,127.91,
5/6/2011,129.96,
5/9/2011,130.04,
5/10/2011,128.51,
5/11/2011,124.3,
5/12/2011,132.07,
5/13/2011,125.65,
5/16/2011,125.28,
5/17/2011,126.62,
5/18/2011,129.24,
5/19/2011,128.37,
5/20/2011,126.38,
5/23/2011,124.095,
5/24/2011,123.89,
5/25/2011,120.62,
5/26/2011,117.96,
5/27/2011,121.37,
5/31/2011,124.25,
6/1/2011,119.71,
6/2/2011,120.54,
6/3/2011,118.66,
6/6/2011,116.63,
6/7/2011,117.86,
6/8/2011,114.39,
6/9/2011,114.06,
6/10/2011,117.09,
6/13/2011,116.31,
6/14/2011,119.3,
6/15/2011,116.76,
6/16/2011,118.83,
6/17/2011,121.55,
6/20/2011,125.02,
6/21/2011,124.65,
6/22/2011,122.95,
6/23/2011,122.45,
6/24/2011,116.56,
6/27/2011,116.68,
6/28/2011,124.61,
6/29/2011,129.42,
6/30/2011,132.27,
7/1/2011,133.06,
7/5/2011,132.09,
7/6/2011,131.53,
7/7/2011,132.87,
7/8/2011,132.6,
7/11/2011,126.93,
7/12/2011,123.97,
7/13/2011,125.18,
7/14/2011,123.19,
7/15/2011,124.64,
7/18/2011,121.93,
7/19/2011,123.94,
7/20/2011,123.36,
7/21/2011,125.195,
7/22/2011,124.12,
7/25/2011,120.6,
7/26/2011,120.27,
7/27/2011,116.6,
7/28/2011,117.65,
7/29/2011,118.23,
8/1/2011,117.39,
8/2/2011,115.04,
8/3/2011,115.25,
8/4/2011,107.94,
8/5/2011,105.43,
8/8/2011,99.88,
8/9/2011,99.7,
8/10/2011,100.36,
8/11/2011,103.04,
8/12/2011,104.13,
8/15/2011,106.1,
8/16/2011,104.46,
8/17/2011,99.46,
8/18/2011,94.77,
8/19/2011,88.68,
8/22/2011,87.7,
8/23/2011,94.33,
8/24/2011,95.79,
8/25/2011,96.49,
8/26/2011,100.71,
8/29/2011,102.31,
8/30/2011,101.93,
8/31/2011,99.98,
9/1/2011,96.94,
9/2/2011,90.1,
9/6/2011,87.59,
9/7/2011,90.15,
9/8/2011,86.67,
9/9/2011,84.96,
9/12/2011,86.08,
9/13/2011,90.91,
9/14/2011,91.5,
9/15/2011,90.56,
9/16/2011,85.7,
9/19/2011,83.91,
9/20/2011,79.21,
9/21/2011,73.52,
9/22/2011,66.85,
9/23/2011,70.24,
9/26/2011,71.72,
9/27/2011,72.27,
9/28/2011,64.75,
9/29/2011,65.03,
9/30/2011,63.21,
10/3/2011,57.9,
10/4/2011,57.78,
10/5/2011,60.87,
10/6/2011,64.73,
10/7/2011,59.74,
10/10/2011,59.78,
10/11/2011,55.91,
10/12/2011,57.08,
10/13/2011,56.85,
10/14/2011,56.23,
10/17/2011,52.96,
10/18/2011,55.91,
10/19/2011,51.07,
10/20/2011,52.31,
10/21/2011,53.77,
10/24/2011,57.95,
10/25/2011,43.27,
10/26/2011,46.11,
10/27/2011,52.9,
10/28/2011,53.99,
10/31/2011,49.77,
11/1/2011,46.78,
11/2/2011,47.23,
11/3/2011,48.18,
11/4/2011,49.59,
11/7/2011,47.74,
11/8/2011,47.55,
11/9/2011,44.98,
11/10/2011,45.13,
11/11/2011,46.09,
11/14/2011,44.65,
11/15/2011,45.01,
11/16/2011,44.06,
11/17/2011,45.61,
11/18/2011,45.44,
11/21/2011,43.53,
11/22/2011,40.8,
11/23/2011,41.58,
11/25/2011,40.32,
11/28/2011,44.56,
11/29/2011,43.81,
11/30/2011,47.86,
12/1/2011,47.55,
12/2/2011,47.77,
12/5/2011,47.75,
12/6/2011,46.11,
12/7/2011,47.99,
12/8/2011,45.17,
12/9/2011,45.67,
12/12/2011,44.36,
12/13/2011,42.57,
12/14/2011,33.45,
12/15/2011,31.45,
12/16/2011,31.91,
12/19/2011,30.5,
12/20/2011,32.88,
12/21/2011,31.8,
12/22/2011,34.15,
12/23/2011,34.7,
12/27/2011,32.94,
12/28/2011,32.12,
12/29/2011,32.86,
12/30/2011,33.76,
1/3/2012,35.79,
1/4/2012,34.7,
1/5/2012,35.48,
1/6/2012,35.27,
1/9/2012,36.84,
1/10/2012,38.77,
1/11/2012,41.8,
1/12/2012,41.59,
1/13/2012,39.92,
1/17/2012,40,
1/18/2012,42.99,
1/19/2012,38.7,
1/20/2012,38.45,
1/23/2012,37.87,
1/24/2012,38.08,
1/25/2012,38.61,
1/26/2012,40.94,
1/27/2012,45.54,
1/30/2012,43.8,
1/31/2012,42.28,
2/1/2012,42.68,
2/2/2012,44.74,
2/3/2012,45.16,
2/6/2012,46.495,
2/7/2012,46.59,
2/8/2012,45.81,
2/9/2012,49.025,
2/10/2012,43.91,
2/13/2012,41.72,
2/14/2012,39.21,
2/15/2012,39.11,
2/16/2012,39.71,
2/17/2012,42.59,
2/21/2012,42.38,
2/22/2012,40.45,
2/23/2012,37.2,
2/24/2012,35.58,
2/27/2012,36.13,
2/28/2012,36.4,
2/29/2012,32.3,
3/1/2012,30.42,
3/2/2012,30.02,
3/5/2012,28.08,
3/6/2012,27.63,
3/7/2012,25.8,
3/8/2012,26.15,
3/9/2012,27.49,
3/12/2012,25.83,
3/13/2012,27.32,
3/14/2012,27.1,
3/15/2012,27.84,
3/16/2012,29.08,
3/19/2012,28.67,
3/20/2012,27.46,
3/21/2012,26.33,
3/22/2012,26.95,
3/23/2012,26.11,
3/26/2012,26.42,
3/27/2012,26.11,
3/28/2012,25.07,
3/29/2012,25.12,
3/30/2012,25.05,
4/2/2012,24.53,
4/3/2012,22.6,
4/4/2012,21.73,
4/5/2012,20.98,
4/9/2012,20.19,
4/10/2012,21.38,
4/11/2012,22.5,
4/12/2012,22,
4/13/2012,20.83,
4/16/2012,20.82,
4/17/2012,22.96,
4/18/2012,21.35,
4/19/2012,21.4,
4/20/2012,20.65,
4/23/2012,19.25,
4/24/2012,18.64,
4/25/2012,18.3,
4/26/2012,18.31,
4/27/2012,18.35,
4/30/2012,18.4,
5/1/2012,18.42,
5/2/2012,18.21,
5/3/2012,18.07,
5/4/2012,16.94,
5/7/2012,17.67,
5/8/2012,16.54,
5/9/2012,16.92,
5/10/2012,16.09,
5/11/2012,16.14,
5/14/2012,16.16,
5/15/2012,15.23,
5/16/2012,13.98,
5/17/2012,14.92,
5/18/2012,13.661,
5/21/2012,13.83,
5/22/2012,13.6,
5/23/2012,14.26,
5/24/2012,14.22,
5/25/2012,14.33,
5/29/2012,14.23,
5/30/2012,13.4,
5/31/2012,12.56,
6/1/2012,11.77,
6/4/2012,12.28,
6/5/2012,12.645,
6/6/2012,13.31,
6/7/2012,12.84,
6/8/2012,12.8,
6/11/2012,12.33,
6/12/2012,14.95,
6/13/2012,13.84,
6/14/2012,13.45,
6/15/2012,13.95,
6/18/2012,14.47,
6/19/2012,15.23,
6/20/2012,14.93,
6/21/2012,14.54,
6/22/2012,15.88,
6/25/2012,15.2,
6/26/2012,14.885,
6/27/2012,15.35,
6/28/2012,14.75,
6/29/2012,15.06,
7/2/2012,15.28,
7/3/2012,15.67,
7/5/2012,15.43,
7/6/2012,15.01,
7/9/2012,14.55,
7/10/2012,14.18,
7/11/2012,14.65,
7/12/2012,14.01,
7/13/2012,14.17,
7/16/2012,14.98,
7/17/2012,14.46,
7/18/2012,14.47,
7/19/2012,15.13,
7/20/2012,14.79,
7/23/2012,14.22,
7/24/2012,14.065,
7/25/2012,14.18,
7/26/2012,14,
7/27/2012,14.5,
7/30/2012,14.21,
7/31/2012,15.54,
8/1/2012,14.8,
8/2/2012,17.93,
8/3/2012,17.06,
8/6/2012,19.06,
8/7/2012,20.68,
8/8/2012,21.41,
8/9/2012,21.7,
8/10/2012,21.43,
8/13/2012,20.49,
8/14/2012,20.035,
8/15/2012,21.1,
8/16/2012,21.49,
8/17/2012,21.26,
8/20/2012,22.46,
8/21/2012,24.14,
8/22/2012,23.93,
8/23/2012,24.61,
8/24/2012,24.77,
8/27/2012,25.54,
8/28/2012,25.7,
8/29/2012,24.2,
8/30/2012,19.672,
8/31/2012,19.99,
9/4/2012,18.92,
9/5/2012,18.65,
9/6/2012,20.03,
9/7/2012,20.44,
9/10/2012,20.79,
9/11/2012,21.8,
9/12/2012,22.48,
9/13/2012,22.605,
9/14/2012,24.61,
9/17/2012,23.24,
9/18/2012,23.15,
9/19/2012,23.48,
9/20/2012,22.566,
9/21/2012,21.2,
9/24/2012,21.001,
9/25/2012,20.5115,
9/26/2012,20.9,
9/27/2012,23.11,
9/28/2012,22.145,
10/1/2012,21.93,
10/2/2012,22.88,
10/3/2012,21.995,
10/4/2012,22.5502,
10/5/2012,20.07,
10/8/2012,20.26,
10/9/2012,20.8,
10/10/2012,21.04,
10/11/2012,21.72,
10/12/2012,22.11,
10/15/2012,22.25,
10/16/2012,24.09,
10/17/2012,25.1701,
10/18/2012,25.14,
10/19/2012,23.54,
10/22/2012,23.8,
10/23/2012,23.3132,
10/24/2012,23.36,
10/25/2012,23.77,
10/26/2012,23.97,
10/31/2012,24.3,
11/1/2012,24.7488,
11/2/2012,22.54,
11/5/2012,23.325,
11/6/2012,24.7913,
11/7/2012,23.6732,
11/8/2012,24.15,
11/9/2012,24.55,
11/12/2012,25.43,
11/13/2012,24.4,
11/14/2012,23.45,
11/15/2012,23.2502,
11/16/2012,23.54,
11/19/2012,24.15,
11/20/2012,23.87,
11/21/2012,24.47,
11/23/2012,24.45,
11/26/2012,25.31,
11/27/2012,26.2801,
11/28/2012,27.21,
11/29/2012,27.03,
11/30/2012,26.99,
12/3/2012,27.5003,
12/4/2012,29.6113,
12/5/2012,29.94,
12/6/2012,30.72,
12/7/2012,29.91,
12/10/2012,30.0324,
12/11/2012,31.08,
12/12/2012,31.9976,
12/13/2012,31.77,11.79
12/14/2012,32.56,11.72
12/17/2012,32.03,12.33
12/18/2012,32.0001,11.59
12/19/2012,33.03,11.22
12/20/2012,32.25,10.67
12/21/2012,30.92,10.73
12/24/2012,30.26,10.84
12/26/2012,30.63,11.04
12/27/2012,30.02,11.29
12/28/2012,29.8,11.57
12/31/2012,30.8556,11.93
1/2/2013,31.99,12.33
1/3/2013,34.4109,13.02
1/4/2013,33.5863,14.4
1/7/2013,31.37,15.97
1/8/2013,31.02,14.7319
1/9/2013,31.9,15.65
1/10/2013,31.97,15.76
1/11/2013,32.01,15.5
1/14/2013,31.21,14.59
1/15/2013,31.62,13.72
1/16/2013,30.72,13.98
1/17/2013,30.5315,15.21
1/18/2013,30.08,15.92
1/22/2013,31.58,16.034
1/23/2013,31.15,15.8
1/24/2013,30.3,16.01
1/25/2013,30.21,15.49
1/28/2013,29.7,15.63
1/29/2013,27.94,15.04
1/30/2013,27.91,14.6
1/31/2013,28.18,14.62
2/1/2013,28.33,15.17
2/4/2013,28.34,14.72
2/5/2013,29.02,15.09
2/6/2013,31.13,15.3
2/7/2013,31.11,15.48
2/8/2013,30.4,15.13
2/11/2013,32.36,16.67
2/12/2013,33.74,18.185
2/13/2013,32.45,17.64
2/14/2013,34.92,18.43
2/15/2013,34.09,17.77
2/19/2013,36.13,18.51
2/20/2013,35.13,18.84
2/21/2013,34.41,19.07
2/22/2013,33.81,18.9
2/25/2013,32.74,18.54
2/26/2013,31.36,17.4
2/27/2013,27.04,17.3
2/28/2013,25.84,18.11
3/1/2013,25.35,18.16
3/4/2013,24.7,18.23
3/5/2013,25.1,18.55
3/6/2013,25.9,19.27
3/7/2013,26.098,16.49
3/8/2013,26.29,16.31
3/11/2013,26.59,16.94
3/12/2013,27.44,16.74
3/13/2013,26.9,16.9
3/14/2013,27.26,16.6
3/15/2013,26.61,16.74
3/18/2013,26.93,16.94
3/19/2013,27.84,17.04
3/20/2013,29.49,17.43
3/21/2013,29.002,17.59
3/22/2013,28.85,18.19
3/25/2013,28.02,18.54
3/26/2013,27.6,18.89
3/27/2013,27.43,18.9
3/28/2013,26.96,18.88
4/1/2013,26.82,19.36
4/2/2013,26.255,19.05
4/3/2013,26.1,18.99
4/4/2013,26.46,18.35
4/5/2013,26.44,18.23
4/8/2013,27.04,18.97
4/9/2013,39.35,20.14
4/10/2013,36.32,20.46
4/11/2013,37.194,20.38
4/12/2013,37.11,19.97
4/15/2013,36.01,18.56
4/16/2013,37.561,19.73
4/17/2013,37.334,19.29
4/18/2013,37.67,20.14
4/19/2013,38.1,20.37
4/22/2013,38.75,21.1
4/23/2013,40.34,22.27
4/24/2013,45.11,23.34
4/25/2013,44.47,23.89
4/26/2013,44.08,23.34
4/29/2013,45.57,25.13
4/30/2013,46.56,27.02
5/1/2013,45.78,28
5/2/2013,46.44,27.09
5/3/2013,46,27
5/6/2013,47.69,26.43
5/7/2013,43.431,23.66
5/8/2013,45.208,24.16
5/9/2013,47.12,26.47
5/10/2013,49.34,28.88
5/13/2013,50.45,35.88
5/14/2013,50.62,31.44
5/15/2013,50.07,32.165
5/16/2013,48.37,35.69
5/17/2013,49.98,45
5/20/2013,54.89,51.599
5/21/2013,55.63,44.52
5/22/2013,52.4,44.3
5/23/2013,51.58,46.79
5/24/2013,51.554,48.784
5/28/2013,51.111,46.78
5/29/2013,51.76,48.31
5/30/2013,55.15,48.44
5/31/2013,54.393,45.25
6/3/2013,53.33,40.77
6/4/2013,52.62,37
6/5/2013,51.03,38.4
6/6/2013,53.26,38.1
6/7/2013,53.09,35.97
6/10/2013,56.4,36.35
6/11/2013,52.29,34.48
6/12/2013,46.662,34.28
6/13/2013,45.85,34.03
6/14/2013,44.71,36.29
6/17/2013,45.34,35.96
6/18/2013,45.963,36.45
6/19/2013,44.54,36.03
6/20/2013,41.973,35.17
6/21/2013,41.37,34.52
6/24/2013,41.25,32.96
6/25/2013,44.48,36.01
6/26/2013,45.12,37.39
6/27/2013,44.5,36.38
6/28/2013,44.81,37.749
7/1/2013,46.307,40.304
7/2/2013,45.17,37.74
7/3/2013,45.55,37.49
7/5/2013,46.4,38.09
7/8/2013,46.06,40.986
7/9/2013,44.92,42.148
7/10/2013,44.65,42.1
7/11/2013,46.47,43.71
7/12/2013,47.65,43.32
7/15/2013,50.27,44.62
7/16/2013,48.91,40.76
7/17/2013,49.06,42.06
7/18/2013,48.86,42.09
7/19/2013,48.31,41.67
7/22/2013,49.05,41.99
7/23/2013,48,40.81
7/24/2013,46.76,40.03
7/25/2013,47.54,40.09
7/26/2013,47.55,41.53
7/29/2013,47.3,41.84
7/30/2013,48.48,41.47
7/31/2013,49.22,41.352
8/1/2013,48.15,40.57
8/2/2013,47.3,41.71
8/5/2013,47.86,45.15
8/6/2013,46.75,43.87
8/7/2013,40.47,42.5
8/8/2013,40.51,37.91
8/9/2013,41.02,38.34
8/12/2013,40.57,38.12
8/13/2013,38.886,37.92
8/14/2013,38.84,36.14
8/15/2013,37.63,35.61
8/16/2013,38.16,37.06
8/19/2013,37.09,35.42
8/20/2013,38.52,34.31
8/21/2013,38.55,34.49
8/22/2013,39.02,34.18
8/23/2013,38.97,34.31
8/26/2013,38.78,35
8/27/2013,36.84,33.02
8/28/2013,36.92,32.15
8/29/2013,37.52,33.05
8/30/2013,36.72,31.34
9/3/2013,36.87,29.49
9/4/2013,36.47,28.63
9/5/2013,38.36,30.38
9/6/2013,37.45,29.61
9/9/2013,38.24,29.89
9/10/2013,39.73,36.581
9/11/2013,39.6,35.6
9/12/2013,38.34,35.8
9/13/2013,38.22,34.23
9/16/2013,38.48,35.84
9/17/2013,38.51,35.2
9/18/2013,39.5,36.4
9/19/2013,39.83,38.43
9/20/2013,39.02,37.23
9/23/2013,38.78,35.77
9/24/2013,39.04,35.31
9/25/2013,40.39,34.47
9/26/2013,40.45,34.6
9/27/2013,40.71,34.49
9/30/2013,40.21,34.6
10/1/2013,42.14,35.78
10/2/2013,42.98,35.5
10/3/2013,43.08,35.74
10/4/2013,43.97,37.65
10/7/2013,43.74,38.41
10/8/2013,42.29,39
10/9/2013,41.6,37.132
10/10/2013,42.33,38.33
10/11/2013,43.31,47.18
10/14/2013,44.36,46.46
10/15/2013,43.75,46.54
10/16/2013,45.762,52.38
10/17/2013,45.972,54.09
10/18/2013,49.97,59.46
10/21/2013,53.879,57.52
10/22/2013,54.5,59.7
10/23/2013,53.082,57.822
10/24/2013,54.22,60.6
10/25/2013,52.8,58.03
10/28/2013,51.48,56.98
10/29/2013,52.368,57.68
10/30/2013,51.4,55.11
10/31/2013,50.306,53.35
11/1/2013,59.14,54.748
11/4/2013,61.83,60.97
11/5/2013,62.12,62.77
11/6/2013,61.148,59.65
11/7/2013,58.13,49.689
11/8/2013,60.5,50.18
11/11/2013,63.14,53.68
11/12/2013,61.72,52.56
11/13/2013,64.2,53.92
11/14/2013,64.28,56.23
11/15/2013,64.19,55.35
11/18/2013,62.87,50.766
11/19/2013,60.42,46.72
11/20/2013,60.88,45.91
11/21/2013,61.98,48.02
11/22/2013,60.35,46.59
11/25/2013,59.94,44.71
11/26/2013,59.37,45.24
11/27/2013,60.53,49.07
11/29/2013,59.82,52.28
12/2/2013,59.81,50.86
12/3/2013,59.62,52.46
12/4/2013,60.8,52.17
12/5/2013,59.78,53.89
12/6/2013,58.01,53.72
12/9/2013,56.07,51.83
12/10/2013,56.49,53.37
12/11/2013,54.2,51.08
12/12/2013,54.39,52.27
12/13/2013,53.79,51.16
12/16/2013,54.7,51.79
12/17/2013,55.51,52.41
12/18/2013,55.42,52.79
12/19/2013,56.76,56.9
12/20/2013,55.87,55.8
12/23/2013,55.76,56.5
12/24/2013,55.29,56.13
12/26/2013,55.68,57.26
12/27/2013,55.26,56.93
12/30/2013,55.6,57.35
12/31/2013,54.64,56.82
1/2/2014,57.44,59.71
1/3/2014,56.74,59.27
1/6/2014,51.26,63.61
1/7/2014,52.49,63.72
1/8/2014,51.68,66.18
1/9/2014,52.11,67.49
1/10/2014,51.97,66.8
1/13/2014,49.86,62.52
1/14/2014,51.05,65.55
1/15/2014,51.99,68.5
1/16/2014,52.2,76.8
1/17/2014,51.88,75.11
1/21/2014,51.81,75.14
1/22/2014,52.04,74.57
1/23/2014,50.44,73.89
1/24/2014,48.67,70.48
1/27/2014,48.84,69.94
1/28/2014,50.36,74.07
1/29/2014,49.7,72.1
1/30/2014,51.47,75.701
1/31/2014,50.58,74.09
2/3/2014,48.35,69.83
2/4/2014,49.11,72.21
2/5/2014,47.73,69.48
2/6/2014,48.2,68.78
2/7/2014,49.83,71.31
2/10/2014,51.1,72.9
2/11/2014,51.46,70.03
2/12/2014,51.579,71.42
2/13/2014,52.85,75.87
2/14/2014,53.17,74
2/18/2014,56.86,79.95
2/19/2014,55.97,74.01
2/20/2014,56.88,75.52
2/21/2014,55.93,75.86
2/24/2014,57.75,78.55
2/25/2014,58.03,81.18
2/26/2014,52.74,84.93
2/27/2014,57.19,86.14
2/28/2014,57.07,84.96
3/3/2014,55.96,83.26
3/4/2014,57.71,82.64
3/5/2014,58.15,80.42
3/6/2014,58.24,80.07
3/7/2014,56.11,77.8
3/10/2014,54.84,75.65
3/11/2014,53.48,73.35
3/12/2014,53.7,78.5
3/13/2014,53.03,74.08
3/14/2014,54.03,73.79
3/17/2014,56.52,73.7
3/18/2014,57.56,77.1
3/19/2014,69.4,72.7
3/20/2014,70.48,69.55
3/21/2014,73.37,65.05
3/24/2014,73.87,62.58
3/25/2014,72.08,63.2601
3/26/2014,68.49,60.12
3/27/2014,69.75,60.74
3/28/2014,68.64,61.38
3/31/2014,69.79,62.62
4/1/2014,70.89,65.01
4/2/2014,71.93,63.75
4/3/2014,68.46,60.5
4/4/2014,69.72,59.08
4/7/2014,68,54.3
4/8/2014,72.77,55.9
4/9/2014,73.34,57.51
4/10/2014,69.63,55.13
4/11/2014,67.59,53.7
4/14/2014,68.3,54.04
4/15/2014,66.39,53.43
4/16/2014,67.59,56.11
4/17/2014,67.32,56.72
4/21/2014,69.21,57.13
4/22/2014,71.12,60.91
4/23/2014,70.04,59.22
4/24/2014,70.62,58.32
4/25/2014,68.63,55.4
4/28/2014,65.92,52.9
4/29/2014,66.28,52.63
4/30/2014,67.49,53.25
5/1/2014,67.27,54.6
5/2/2014,68.03,54.23
5/5/2014,68.42,55.47
5/6/2014,67.45,52.46
5/7/2014,63.57,47.71
5/8/2014,63.43,53.6
5/9/2014,63.21,52.04
5/12/2014,63.83,54.12
5/13/2014,63.05,54.38
5/14/2014,61.89,54.36
5/15/2014,60.1,51.25
5/16/2014,59.64,50.19
5/19/2014,59.83,49.68
5/20/2014,58.63,48.08
5/21/2014,60.39,49.32
5/22/2014,60.631,51.09
5/23/2014,60.67,52.05
5/27/2014,61.26,53.19
5/28/2014,61.87,51.98
5/29/2014,63.41,55.07
5/30/2014,61.78,52.5
6/2/2014,62.7,51.27
6/3/2014,62.93,49.21
6/4/2014,65.39,48.66
6/5/2014,64.02,50.8
6/6/2014,62.88,50.24
6/9/2014,62.57,49.62
6/10/2014,62.32,49.19
6/11/2014,63.54,50.81
6/12/2014,63.9,50.65
6/13/2014,64.47,52.45
6/16/2014,66.85,54.88
6/17/2014,69.13,64.53
6/18/2014,69.75,67.15
6/19/2014,68.27,67.95
6/20/2014,68.9,69
6/23/2014,70.15,70
6/24/2014,68.71,68.04
6/25/2014,70.18,69.01
6/26/2014,71.47,70.8
6/27/2014,71.4,70.87
6/30/2014,71.06,70.6
7/1/2014,70.69,71.22
7/2/2014,69.845,72.11
7/3/2014,69.5,71.34
7/7/2014,67.72,68.4
7/8/2014,64.39,64.61
7/9/2014,64.42,66.43
7/10/2014,63.67,65.58
7/11/2014,63.43,65.78
7/14/2014,63.27,66.84
7/15/2014,62.95,65.37
7/16/2014,63.46,64.86
7/17/2014,61.45,63.69
7/18/2014,62.36,66.36
7/21/2014,62.9,68.87
7/22/2014,63.47,69.71
7/23/2014,62.81,69.42
7/24/2014,63.3,72.16
7/25/2014,64.05,72.57
7/28/2014,65.53,71.85
7/29/2014,65.39,73.75
7/30/2014,65.58,74.29
7/31/2014,63.11,71.53
8/1/2014,62.03,69.81
8/4/2014,63.14,70.06
8/5/2014,63.66,71.25
8/6/2014,65.604,72.86
8/7/2014,68.17,75.63
8/8/2014,67.83,70.14
8/11/2014,69.17,73.4
8/12/2014,69.07,70.71
8/13/2014,69.5,71.08
8/14/2014,69.21,71.19
8/15/2014,69.12,71.81
8/18/2014,70.28,72.05
8/19/2014,70.16,70.79
8/20/2014,70.83,70.48
8/21/2014,70.7,69.9
8/22/2014,70.46,70.73
8/25/2014,71.16,71.39
8/26/2014,71.02,70.48
8/27/2014,70,69.89
8/28/2014,69.15,68.63
8/29/2014,69.68,68.68
9/2/2014,69.405,67.64
9/3/2014,71.66,67.72
9/4/2014,71.55,70.95
9/5/2014,71.47,70.08
9/8/2014,71.79,72
9/9/2014,70.895,70.64
9/10/2014,70.97,70.99
9/11/2014,71.62,71.27
9/12/2014,72.78,74.01
9/15/2014,69.915,67.36
9/16/2014,70.69,67.13
9/17/2014,71.69,67
9/18/2014,71.69,65.99
9/19/2014,70.87,64.61
9/22/2014,67.17,60.84
9/23/2014,67.75,60.4
9/24/2014,68.43,63.04
9/25/2014,67.2,61.96
9/26/2014,67.97,61.92
9/29/2014,67.515,61.2
9/30/2014,65.81,59.6
10/1/2014,63.71,56.47
10/2/2014,63.83,57.31
10/3/2014,64.1,59
10/6/2014,62.37,57.75
10/7/2014,60.42,54.55
10/8/2014,62.19,56.48
10/9/2014,56.49,54.28
10/10/2014,53.72,53.55
10/13/2014,50.51,48.35
10/14/2014,52,49.71
10/15/2014,53.24,48.87
10/16/2014,54.22,50.85
10/17/2014,53.23,51.51
10/20/2014,54.37,53.92
10/21/2014,56.35,55.73
10/22/2014,54.75,53.92
10/23/2014,56.27,54.1
10/24/2014,56.44,54.25
10/27/2014,54.29,53.17
10/28/2014,57.38,55.2
10/29/2014,56.16,54.36
10/30/2014,56.1,56.33
10/31/2014,58.9,59.18
11/3/2014,58.31,58.77
11/4/2014,56.87,56.96
11/5/2014,56.26,54.44
11/6/2014,56.41,51.54
11/7/2014,50.29,50.97
11/10/2014,51.96,51.78
11/11/2014,50.99,50.96
11/12/2014,49.59,52.05
11/13/2014,47.56,50.84
11/14/2014,48.49,53.02
11/17/2014,47.95,53.59
11/18/2014,49.46,55.64
11/19/2014,48.82,53.99
11/20/2014,49.43,53.63
11/21/2014,49.76,55.05
11/24/2014,50.66,56.35
11/25/2014,51.04,56.85
11/26/2014,51.525,56.46
11/28/2014,48.8,55
12/1/2014,45.76,50.89
12/2/2014,46.42,51.11
12/3/2014,47.12,51.74
12/4/2014,46.72,52.365
12/5/2014,46.91,53.5
12/8/2014,44.65,51.7
12/9/2014,45.06,51.64
12/10/2014,43.07,50.29
12/11/2014,43.04,50.91
12/12/2014,42.12,50.02
12/15/2014,41.66,49.64
12/16/2014,40.9,49.77
12/17/2014,42.35,50.37
12/18/2014,45.21,53.75
12/19/2014,45.03,54.8
12/22/2014,43.84,54.38
12/23/2014,44.06,55.84
12/24/2014,43.67,56.76
12/26/2014,44.34,57.14
12/29/2014,44.42,56.26
12/30/2014,44.52,53.89
12/31/2014,44.595,53.48
1/2/2015,44.545,52.92
1/5/2015,41.83,50.06
1/6/2015,40.86,49.5
1/7/2015,41.75,49.325
1/8/2015,43.63,50.91
1/9/2015,44.2,49.62
1/12/2015,42.83,49.32
1/13/2015,42.71,51.11
1/14/2015,42.28,51.72
1/15/2015,40.16,49.24
1/16/2015,40.72,48.15
1/20/2015,39.83,47.79
1/21/2015,41.4,48.23
1/22/2015,41.895,48.44
1/23/2015,42.54,48.3
1/26/2015,44.17,50.16
1/27/2015,43.715,50.1
1/28/2015,42.7,49.08
1/29/2015,42.36,49.395
1/30/2015,42.32,48.61
2/2/2015,45.48,52.72
2/3/2015,48.16,54.27
2/4/2015,46.98,53.37
2/5/2015,46.9,55.28
2/6/2015,46.9,55.42
2/9/2015,46.33,56.52
2/10/2015,48.54,55.84
2/11/2015,48.77,56.12
2/12/2015,49.42,57.16
2/13/2015,48.84,57.6
2/17/2015,49.62,58.12
2/18/2015,48.84,57.1
2/19/2015,48.41,53.81
2/20/2015,49.02,54.44
2/23/2015,49.64,53.13
2/24/2015,54.7,53.04
2/25/2015,58.54,52.28
2/26/2015,58.68,52.1
2/27/2015,59.745,51.36
3/2/2015,61.11,50.74
3/3/2015,60.69,50.26
3/4/2015,61.2,50.05
3/5/2015,61.66,51.77
3/6/2015,60.61,50.45
3/9/2015,61.06,49.83
3/10/2015,59.86,49.72
3/11/2015,59.29,50
3/12/2015,60.61,49.7
3/13/2015,60.6,48.39
3/16/2015,60.22,47.53
3/17/2015,60.49,48.815
3/18/2015,61.43,50.21
3/19/2015,60.3,49.76
3/20/2015,60.26,49.89
3/23/2015,60.58,49.78
3/24/2015,62.515,51.5
3/25/2015,60.09,50.53
3/26/2015,59.62,50.08
3/27/2015,59.61,50.17
3/30/2015,60.69,50.57
3/31/2015,59.79,51.28
4/1/2015,60.83,50.48
4/2/2015,61.19,52.31
4/6/2015,61.51,52.8
4/7/2015,61.27,52.77
4/8/2015,60.645,54.33
4/9/2015,61.18,56.05
4/10/2015,61.3,56.09
4/13/2015,61.41,54.74
4/14/2015,61.07,55.1
4/15/2015,63.735,56.55
4/16/2015,62.89,57.01
4/17/2015,61.94,55.91
4/20/2015,62.25,56.53
4/21/2015,63.11,57.69
4/22/2015,63.885,59.09
4/23/2015,64.75,60.02
4/24/2015,63.43,60
4/27/2015,62.915,59.9
4/28/2015,63.57,61.225
4/29/2015,61.94,61.17
4/30/2015,59.67,60.05
5/1/2015,57.34,61.62
5/4/2015,56.78,61.04
5/5/2015,56.81,59.28
5/6/2015,55.66,60.13
5/7/2015,56.32,60.9
5/8/2015,56.37,61.21
5/11/2015,56.38,61.17
5/12/2015,56.05,61.51
5/13/2015,56.77,61.68
5/14/2015,56.56,62.72
5/15/2015,56.72,62.51
5/18/2015,56.18,62.07
5/19/2015,55.28,61.33
5/20/2015,54.92,61.26
5/21/2015,55.89,62.11
5/22/2015,55.07,62.59
5/26/2015,51.06,61.33
5/27/2015,51.28,61.44
5/28/2015,50.75,61.89
5/29/2015,49.71,60.12
6/1/2015,49.9,60.68
6/2/2015,50.95,60.61
6/3/2015,50.83,60.33
6/4/2015,49.67,58.53
6/5/2015,51.3,58.25
6/8/2015,49.85,56.57
6/9/2015,49.17,54.9
6/10/2015,50.29,55
6/11/2015,50.43,55.46
6/12/2015,50.48,55.175
6/15/2015,53.475,55.2
6/16/2015,52.15,56.78
6/17/2015,51.76,57.4
6/18/2015,51.98,57.78
6/19/2015,51.03,57.51
6/22/2015,51.11,57.7
6/23/2015,51.49,58.1
6/24/2015,51.36,57.01
6/25/2015,50.97,56.36
6/26/2015,49.95,55.86
6/29/2015,47.84,53.27
6/30/2015,46.98,53.55
7/1/2015,46.04,52.4
7/2/2015,45.17,52.27
7/6/2015,44.19,51.75
7/7/2015,45.12,53.21
7/8/2015,43.27,51.48
7/9/2015,43.65,51.98
7/10/2015,44.03,53
7/13/2015,46.01,53.39
7/14/2015,45.81,54.26
7/15/2015,44.49,52.54
7/16/2015,44.76,52.8
7/17/2015,43.95,52.15
7/20/2015,43.28,55.77
7/21/2015,43.48,56.2
7/22/2015,42.5,55.36
7/23/2015,42.74,53.67
7/24/2015,42.97,54.62
7/27/2015,42.27,54.69
7/28/2015,43.38,56.03
7/29/2015,45.54,58.05
7/30/2015,45.31,59.58
7/31/2015,44.3,58
8/3/2015,43.69,57.92
8/4/2015,44.5,59
8/5/2015,51.92,60.17
8/6/2015,51.2,55.34
8/7/2015,52.08,52.25
8/10/2015,53.48,51.17
8/11/2015,51.44,48.79
8/12/2015,51.88,50.86
8/13/2015,51.11,50.06
8/14/2015,51.51,48.81
8/17/2015,51.74,49.94
8/18/2015,51.63,50.62
8/19/2015,49.94,49.18
8/20/2015,47.91,46.98
8/21/2015,45.27,40.99
8/24/2015,43.61,43.87
8/25/2015,44.38,43.63
8/26/2015,46.09,43.05
8/27/2015,47.84,46.23
8/28/2015,47.8,48
8/31/2015,47.84,48.28
9/1/2015,47.26,46.16
9/2/2015,47.96,49.42
9/3/2015,48.29,49.79
9/4/2015,46.94,49.09
9/8/2015,49.11,50.1
9/9/2015,47.73,47.11
9/10/2015,48.22,48.12
9/11/2015,48.79,48.14
9/14/2015,46.2,48.07
9/15/2015,46.58,48.97
9/16/2015,47.76,48.2
9/17/2015,46.92,48.5
9/18/2015,45.33,48.09
9/21/2015,45.14,47.9
9/22/2015,44.42,47.44
9/23/2015,43.37,43.78
9/24/2015,43.64,42.99
9/25/2015,43.29,41.33
9/28/2015,40.81,40.34
9/29/2015,41.02,41.04
9/30/2015,42.75,42.71
10/1/2015,42.68,43.23
10/2/2015,45.46,46.38
10/5/2015,46.66,47.22
10/6/2015,48.88,47.28
10/7/2015,49.91,47.34
10/8/2015,51.12,47.11
10/9/2015,51.2,48.94
10/12/2015,50.83,48.05
10/13/2015,50.58,47.03
10/14/2015,51.95,46.85
10/15/2015,52.48,46.65
10/16/2015,52.05,44.16
10/19/2015,51.19,41.28
10/20/2015,51.77,39.39
10/21/2015,49.94,38.05
10/22/2015,49.89,38.9
10/23/2015,50.43,39.24
10/26/2015,50.57,38.84
10/27/2015,49.16,37.96
10/28/2015,50.85,38.34
10/29/2015,50.99,38.07
10/30/2015,57.07,29.65
11/2/2015,57.78,29.44
11/3/2015,58.35,30.17
11/4/2015,58.66,29.8
11/5/2015,58.33,29.72
11/6/2015,59.67,29.05
11/9/2015,58.39,27.89
11/10/2015,55.87,26.46
11/11/2015,54.75,26.15
11/12/2015,53.92,25.07
11/13/2015,52.72,25.85
11/16/2015,54.18,27.84
11/17/2015,52.75,26
11/18/2015,53.94,27.75
11/19/2015,53.28,28.7
11/20/2015,54.44,29.04
11/23/2015,54.88,28.21
11/24/2015,56.17,28.57
11/25/2015,56.4,29.26
11/27/2015,56.1,29.87
11/30/2015,56.51,28.76
12/1/2015,58.18,31.39
12/2/2015,59.67,34.35
12/3/2015,59.46,36.24
12/4/2015,59.84,35.99
12/7/2015,59.32,35.9
12/8/2015,59.07,34.62
12/9/2015,58.85,35.84
12/10/2015,54.35,36.65
12/11/2015,55.26,37.04
12/14/2015,58.41,41.59
12/15/2015,59.83,40.05
12/16/2015,65.62,53.69
12/17/2015,64.48,57.26
12/18/2015,63.41,56.91
12/21/2015,65.74,55.09
12/22/2015,64.99,51.32
12/23/2015,66.17,51.48
12/24/2015,66.92,51.98
12/28/2015,66.4,51.31
12/29/2015,66.41,49.74
12/30/2015,66.99,50.8
12/31/2015,65.99,51.02
